(EngineCore pid=88) 2026-09-24 03:15:41.851 | INFO     | serving_worker_hook:_execute:229 - [PHASE] execute total=131072 new=1 cached=0 spec=0 finished=[] preempted=[]
(EngineCore pid=88) 2026-09-24 03:16:40.716 | INFO     | serving_worker_hook:_execute:229 - [PHASE] execute total=131072 new=1 cached=0 spec=0 finished=[] preempted=[]
(EngineCore pid=88) 2026-09-24 03:17:39.011 | INFO     | serving_worker_hook:_execute:229 - [PHASE] execute total=131072 new=1 cached=0 spec=0 finished=[] preempted=[]
(EngineCore pid=88) 2026-09-24 03:18:37.311 | INFO     | serving_worker_hook:_execute:229 - [PHASE] execute total=64 new=0 cached=4 spec=4 finished=[] preempted=[]
(EngineCore pid=88) 2026-09-24 03:18:37.575 | INFO     | packed_verifier:diagnostic:121 - [PACKED-PHASE] round=1 users=4 bind_ms=2.49 input_ms=106.36 trace_ms=140.26 sync_ms=0.64 readback_ms=6.08
(EngineCore pid=88) 2026-09-24 03:18:37.612 | INFO     | serving_packed_step:audit_log:94 - [PACKED] request=cmpl-aabbd08b3930998e-0-865b1c79 segment=3 position=131072 prefix=3 emitted=3 predictions=[506, 279, 12182, 11, 279, 1144, 310, 10229]
(EngineCore pid=88) 2026-09-24 03:18:37.624 | INFO     | serving_packed_step:audit_log:94 - [PACKED] request=cmpl-bc7f6382991a7d53-0-a0fff0f9 segment=2 position=131072 prefix=9 emitted=9 predictions=[369, 264, 999, 13909, 13797, 15673, 314, 279]
(EngineCore pid=88) 2026-09-24 03:18:37.633 | INFO     | serving_packed_step:audit_log:94 - [PACKED] request=cmpl-872a87199a4cde2f-0-b79c2f15 segment=1 position=131072 prefix=1 emitted=1 predictions=[728, 3286, 279, 1483, 4434, 999, 303, 279]
(EngineCore pid=88) 2026-09-24 03:18:37.646 | INFO     | serving_packed_step:audit_log:94 - [PACKED] request=cmpl-a095ee79e0e35da3-0-8b2fc3b4 segment=0 position=131072 prefix=5 emitted=5 predictions=[12305, 198, 464, 26864, 198, 727, 1228, 82]
(EngineCore pid=88) 2026-09-24 03:18:37.872 | INFO     | serving_worker_hook:_execute:229 - [PHASE] execute total=64 new=0 cached=4 spec=4 finished=[] preempted=[]
(EngineCore pid=88) 2026-09-24 03:18:38.022 | INFO     | packed_verifier:diagnostic:121 - [PACKED-PHASE] round=2 users=4 bind_ms=1.78 input_ms=4.34 trace_ms=140.32 sync_ms=1.14 readback_ms=1.04
(EngineCore pid=88) 2026-09-24 03:18:38.049 | INFO     | serving_packed_step:audit_log:94 - [PACKED] request=cmpl-aabbd08b3930998e-0-865b1c79 segment=3 position=131075 prefix=8 emitted=8 predictions=[2193, 11, 353, 1144, 310, 10229, 279, 1483]
(EngineCore pid=88) 2026-09-24 03:18:38.058 | INFO     | serving_packed_step:audit_log:94 - [PACKED] request=cmpl-bc7f6382991a7d53-0-a0fff0f9 segment=2 position=131081 prefix=5 emitted=5 predictions=[2193, 11, 7854, 539, 449, 15752, 314, 279]
(EngineCore pid=88) 2026-09-24 03:18:38.075 | INFO     | serving_packed_step:audit_log:94 - [PACKED] request=cmpl-872a87199a4cde2f-0-b79c2f15 segment=1 position=131073 prefix=11 emitted=11 predictions=[10229, 279, 1483, 4434, 999, 303, 279, 12182]
(EngineCore pid=88) 2026-09-24 03:18:38.086 | INFO     | serving_packed_step:audit_log:94 - [PACKED] request=cmpl-a095ee79e0e35da3-0-8b2fc3b4 segment=0 position=131077 prefix=1 emitted=1 predictions=[464, 19298, 14630, 1120, 10582, 1005, 11, 11]
(EngineCore pid=88) 2026-09-24 03:18:38.136 | INFO     | serving_worker_hook:_execute:229 - [PHASE] execute total=64 new=0 cached=4 spec=4 finished=[] preempted=[]
(EngineCore pid=88) 2026-09-24 03:18:38.288 | INFO     | packed_verifier:diagnostic:121 - [PACKED-PHASE] round=3 users=4 bind_ms=2.21 input_ms=6.01 trace_ms=140.31 sync_ms=0.94 readback_ms=0.86
(EngineCore pid=88) 2026-09-24 03:18:38.315 | INFO     | serving_packed_step:audit_log:94 - [PACKED] request=cmpl-aabbd08b3930998e-0-865b1c79 segment=3 position=131083 prefix=7 emitted=7 predictions=[4434, 709, 13, 561, 2193, 10029, 919, 1510]
(EngineCore pid=88) 2026-09-24 03:18:38.320 | INFO     | serving_packed_step:audit_log:94 - [PACKED] request=cmpl-bc7f6382991a7d53-0-a0fff0f9 segment=2 position=131086 prefix=5 emitted=5 predictions=[15673, 314, 1204, 279, 6599, 15803, 13, 271]
(EngineCore pid=88) 2026-09-24 03:18:38.327 | INFO     | serving_packed_step:audit_log:94 - [PACKED] request=cmpl-872a87199a4cde2f-0-b79c2f15 segment=1 position=131084 prefix=3 emitted=3 predictions=[2193, 10029, 919, 1510, 31788, 1824, 69961, 11361]
(EngineCore pid=88) 2026-09-24 03:18:38.333 | INFO     | serving_packed_step:audit_log:94 - [PACKED] request=cmpl-a095ee79e0e35da3-0-8b2fc3b4 segment=0 position=131078 prefix=1 emitted=1 predictions=[8328, 198, 464, 2857, 198, 727, 3284, 2653]
(EngineCore pid=88) 2026-09-24 03:18:38.374 | INFO     | serving_worker_hook:_execute:229 - [PHASE] execute total=64 new=0 cached=4 spec=4 finished=[] preempted=[]
(EngineCore pid=88) 2026-09-24 03:18:38.525 | INFO     | packed_verifier:diagnostic:121 - [PACKED-PHASE] round=4 users=4 bind_ms=1.98 input_ms=5.80 trace_ms=140.25 sync_ms=0.79 readback_ms=0.72
(EngineCore pid=88) 2026-09-24 03:18:38.549 | INFO     | serving_packed_step:audit_log:94 - [PACKED] request=cmpl-aabbd08b3930998e-0-865b1c79 segment=3 position=131090 prefix=4 emitted=4 predictions=[3017, 1472, 1510, 73892, 18, 79, 20, 7494]
(EngineCore pid=88) 2026-09-24 03:18:38.559 | INFO     | serving_packed_step:audit_log:94 - [PACKED] request=cmpl-bc7f6382991a7d53-0-a0fff0f9 segment=2 position=131091 prefix=4 emitted=4 predictions=[15803, 13, 271, 13962, 271, 13962, 2793, 16]
(EngineCore pid=88) 2026-09-24 03:18:38.567 | INFO     | serving_packed_step:audit_log:94 - [PACKED] request=cmpl-872a87199a4cde2f-0-b79c2f15 segment=1 position=131087 prefix=3 emitted=3 predictions=[3017, 1472, 1510, 1510, 31788, 1824, 69961, 11361]
(EngineCore pid=88) 2026-09-24 03:18:38.577 | INFO     | serving_packed_step:audit_log:94 - [PACKED] request=cmpl-a095ee79e0e35da3-0-8b2fc3b4 segment=0 position=131079 prefix=5 emitted=5 predictions=[430, 2510, 198, 1445, 19298, 1120, 5586, 198]
(EngineCore pid=88) 2026-09-24 03:18:38.644 | INFO     | serving_worker_hook:_execute:229 - [PHASE] execute total=64 new=0 cached=4 spec=4 finished=[] preempted=[]
(EngineCore pid=88) 2026-09-24 03:18:38.797 | INFO     | packed_verifier:diagnostic:121 - [PACKED-PHASE] round=5 users=4 bind_ms=1.91 input_ms=4.38 trace_ms=140.33 sync_ms=1.03 readback_ms=3.75
(EngineCore pid=88) 2026-09-24 03:18:38.810 | INFO     | serving_packed_step:audit_log:94 - [PACKED] request=cmpl-aabbd08b3930998e-0-865b1c79 segment=3 position=131094 prefix=7 emitted=7 predictions=[10294, 7494, 6994, 6363, 4482, 18895, 12309, 63]
(EngineCore pid=88) 2026-09-24 03:18:38.816 | INFO     | serving_packed_step:audit_log:94 - [PACKED] request=cmpl-bc7f6382991a7d53-0-a0fff0f9 segment=2 position=131095 prefix=5 emitted=5 predictions=[220, 16, 13, 1510, 85, 29696, 63, 343]
(EngineCore pid=88) 2026-09-24 03:18:38.876 | INFO     | serving_packed_step:audit_log:94 - [PACKED] request=cmpl-872a87199a4cde2f-0-b79c2f15 segment=1 position=131090 prefix=1 emitted=1 predictions=[85, 1824, 76, 24092, 724, 1824, 6971, 63]
(EngineCore pid=88) 2026-09-24 03:18:38.904 | INFO     | serving_packed_step:audit_log:94 - [PACKED] request=cmpl-a095ee79e0e35da3-0-8b2fc3b4 segment=0 position=131084 prefix=4 emitted=4 predictions=[14630, 1120, 86622, 11, 1445, 343, 14630, 1120]
(EngineCore pid=88) 2026-09-24 03:18:38.951 | INFO     | serving_worker_hook:_execute:229 - [PHASE] execute total=64 new=0 cached=4 spec=4 finished=[] preempted=[]
(EngineCore pid=88) 2026-09-24 03:18:39.102 | INFO     | packed_verifier:diagnostic:121 - [PACKED-PHASE] round=6 users=4 bind_ms=1.98 input_ms=5.47 trace_ms=140.25 sync_ms=0.97 readback_ms=1.06
(EngineCore pid=88) 2026-09-24 03:18:39.110 | INFO     | serving_packed_step:audit_log:94 - [PACKED] request=cmpl-aabbd08b3930998e-0-865b1c79 segment=3 position=131101 prefix=3 emitted=3 predictions=[286, 63261, 7561, 318, 1510, 999, 1510, 85]
(EngineCore pid=88) 2026-09-24 03:18:39.117 | INFO     | serving_packed_step:audit_log:94 - [PACKED] request=cmpl-bc7f6382991a7d53-0-a0fff0f9 segment=2 position=131100 prefix=3 emitted=3 predictions=[636, 76, 24092, 8207, 78407, 19832, 1753, 6971]
(EngineCore pid=88) 2026-09-24 03:18:39.123 | INFO     | serving_packed_step:audit_log:94 - [PACKED] request=cmpl-872a87199a4cde2f-0-b79c2f15 segment=1 position=131091 prefix=3 emitted=3 predictions=[636, 76, 24092, 82, 45549, 724, 1824, 6971]
(EngineCore pid=88) 2026-09-24 03:18:39.130 | INFO     | serving_packed_step:audit_log:94 - [PACKED] request=cmpl-a095ee79e0e35da3-0-8b2fc3b4 segment=0 position=131088 prefix=4 emitted=4 predictions=[10582, 198, 1445, 343, 14630, 1120, 1562, 1005]
(EngineCore pid=88) 2026-09-24 03:18:39.175 | INFO     | serving_worker_hook:_execute:229 - [PHASE] execute total=64 new=0 cached=4 spec=4 finished=[] preempted=[]
(EngineCore pid=88) 2026-09-24 03:18:39.325 | INFO     | packed_verifier:diagnostic:121 - [PACKED-PHASE] round=7 users=4 bind_ms=1.95 input_ms=4.66 trace_ms=140.22 sync_ms=0.92 readback_ms=0.87
(EngineCore pid=88) 2026-09-24 03:18:39.346 | INFO     | serving_packed_step:audit_log:94 - [PACKED] request=cmpl-aabbd08b3930998e-0-865b1c79 segment=3 position=131104 prefix=2 emitted=2 predictions=[748, 421, 579, 524, 4434, 13, 561, 728]
(EngineCore pid=88) 2026-09-24 03:18:39.351 | INFO     | serving_packed_step:audit_log:94 - [PACKED] request=cmpl-bc7f6382991a7d53-0-a0fff0f9 segment=2 position=131103 prefix=1 emitted=1 predictions=[78407, 6971, 1076, 273, 1076, 14118, 6971, 63]
(EngineCore pid=88) 2026-09-24 03:18:39.356 | INFO     | serving_packed_step:audit_log:94 - [PACKED] request=cmpl-872a87199a4cde2f-0-b79c2f15 segment=1 position=131094 prefix=1 emitted=1 predictions=[78407, 12943, 21849, 31788, 2910, 936, 6971, 724]
(EngineCore pid=88) 2026-09-24 03:18:39.367 | INFO     | serving_packed_step:audit_log:94 - [PACKED] request=cmpl-a095ee79e0e35da3-0-8b2fc3b4 segment=0 position=131092 prefix=6 emitted=6 predictions=[636, 76, 918, 19159, 15087, 56199, 9186, 11]
(EngineCore pid=88) 2026-09-24 03:18:39.409 | INFO     | serving_worker_hook:_execute:229 - [PHASE] execute total=64 new=0 cached=4 spec=4 finished=[] preempted=[]
(EngineCore pid=88) 2026-09-24 03:18:39.561 | INFO     | packed_verifier:diagnostic:121 - [PACKED-PHASE] round=8 users=4 bind_ms=2.06 input_ms=5.27 trace_ms=140.20 sync_ms=0.98 readback_ms=1.01
(EngineCore pid=88) 2026-09-24 03:18:39.569 | INFO     | serving_packed_step:audit_log:94 - [PACKED] request=cmpl-aabbd08b3930998e-0-865b1c79 segment=3 position=131106 prefix=1 emitted=1 predictions=[709, 31084, 4434, 13, 6558, 1483, 4434, 421]
(EngineCore pid=88) 2026-09-24 03:18:39.576 | INFO     | serving_packed_step:audit_log:94 - [PACKED] request=cmpl-bc7f6382991a7d53-0-a0fff0f9 segment=2 position=131104 prefix=2 emitted=2 predictions=[19652, 15956, 10445, 14118, 14118, 6971, 63, 318]
(EngineCore pid=88) 2026-09-24 03:18:39.592 | INFO     | serving_packed_step:audit_log:94 - [PACKED] request=cmpl-872a87199a4cde2f-0-b79c2f15 segment=1 position=131095 prefix=1 emitted=1 predictions=[12943, 6454, 330, 472, 730, 14, 636, 14]
(EngineCore pid=88) 2026-09-24 03:18:39.606 | INFO     | serving_packed_step:audit_log:94 - [PACKED] request=cmpl-a095ee79e0e35da3-0-8b2fc3b4 segment=0 position=131098 prefix=1 emitted=1 predictions=[8150, 29449, 32258, 11, 1445, 653, 198, 10297]
(EngineCore pid=88) 2026-09-24 03:18:39.648 | INFO     | serving_worker_hook:_execute:229 - [PHASE] execute total=64 new=0 cached=4 spec=4 finished=[] preempted=[]
(EngineCore pid=88) 2026-09-24 03:18:39.816 | INFO     | packed_verifier:diagnostic:121 - [PACKED-PHASE] round=9 users=4 bind_ms=1.97 input_ms=21.11 trace_ms=140.28 sync_ms=1.25 readback_ms=1.02
(EngineCore pid=88) 2026-09-24 03:18:39.822 | INFO     | serving_packed_step:audit_log:94 - [PACKED] request=cmpl-aabbd08b3930998e-0-865b1c79 segment=3 position=131107 prefix=2 emitted=2 predictions=[369, 31084, 4434, 13, 271, 760, 1483, 709]
(EngineCore pid=88) 2026-09-24 03:18:39.828 | INFO     | serving_packed_step:audit_log:94 - [PACKED] request=cmpl-bc7f6382991a7d53-0-a0fff0f9 segment=2 position=131106 prefix=1 emitted=1 predictions=[699, 467, 16691, 16691, 6971, 6971, 318, 6391]
(EngineCore pid=88) 2026-09-24 03:18:39.836 | INFO     | serving_packed_step:audit_log:94 - [PACKED] request=cmpl-872a87199a4cde2f-0-b79c2f15 segment=1 position=131096 prefix=3 emitted=3 predictions=[4912, 6454, 2506, 6454, 730, 6971, 6971, 6971]
(EngineCore pid=88) 2026-09-24 03:18:39.847 | INFO     | serving_packed_step:audit_log:94 - [PACKED] request=cmpl-a095ee79e0e35da3-0-8b2fc3b4 segment=0 position=131099 prefix=2 emitted=2 predictions=[1120, 696, 32258, 11, 615, 11, 615, 75058]
(EngineCore pid=88) 2026-09-24 03:18:39.891 | INFO     | serving_worker_hook:_execute:229 - [PHASE] execute total=64 new=0 cached=4 spec=4 finished=[] preempted=[]
(EngineCore pid=88) 2026-09-24 03:18:40.074 | INFO     | packed_verifier:diagnostic:121 - [PACKED-PHASE] round=10 users=4 bind_ms=2.02 input_ms=36.32 trace_ms=140.23 sync_ms=1.17 readback_ms=1.32
(EngineCore pid=88) 2026-09-24 03:18:40.082 | INFO     | serving_packed_step:audit_log:94 - [PACKED] request=cmpl-aabbd08b3930998e-0-865b1c79 segment=3 position=131109 prefix=4 emitted=4 predictions=[13, 561, 1483, 348, 709, 369, 279, 999]
(EngineCore pid=88) 2026-09-24 03:18:40.089 | INFO     | serving_packed_step:audit_log:94 - [PACKED] request=cmpl-bc7f6382991a7d53-0-a0fff0f9 segment=2 position=131107 prefix=1 emitted=1 predictions=[16691, 38838, 75, 6971, 63, 318, 332, 71516]
(EngineCore pid=88) 2026-09-24 03:18:40.100 | INFO     | serving_packed_step:audit_log:94 - [PACKED] request=cmpl-872a87199a4cde2f-0-b79c2f15 segment=1 position=131099 prefix=2 emitted=2 predictions=[697, 4493, 63250, 15089, 724, 1824, 724, 69961]
(EngineCore pid=88) 2026-09-24 03:18:40.112 | INFO     | serving_packed_step:audit_log:94 - [PACKED] request=cmpl-a095ee79e0e35da3-0-8b2fc3b4 segment=0 position=131101 prefix=2 emitted=2 predictions=[16815, 9410, 67, 5854, 696, 75058, 16971, 198]
(EngineCore pid=88) 2026-09-24 03:18:40.160 | INFO     | serving_worker_hook:_execute:229 - [PHASE] execute total=64 new=0 cached=4 spec=4 finished=[] preempted=[]
(EngineCore pid=88) 2026-09-24 03:18:40.311 | INFO     | packed_verifier:diagnostic:121 - [PACKED-PHASE] round=11 users=4 bind_ms=1.99 input_ms=5.13 trace_ms=140.24 sync_ms=0.93 readback_ms=0.95
(EngineCore pid=88) 2026-09-24 03:18:40.334 | INFO     | serving_packed_step:audit_log:94 - [PACKED] request=cmpl-aabbd08b3930998e-0-865b1c79 segment=3 position=131113 prefix=6 emitted=6 predictions=[14311, 9, 709, 369, 1510, 73892, 18895, 12309]
(EngineCore pid=88) 2026-09-24 03:18:40.339 | INFO     | serving_packed_step:audit_log:94 - [PACKED] request=cmpl-bc7f6382991a7d53-0-a0fff0f9 segment=2 position=131108 prefix=1 emitted=1 predictions=[38838, 4175, 63, 318, 332, 71516, 64700, 198]
(EngineCore pid=88) 2026-09-24 03:18:40.351 | INFO     | serving_packed_step:audit_log:94 - [PACKED] request=cmpl-872a87199a4cde2f-0-b79c2f15 segment=1 position=131101 prefix=5 emitted=5 predictions=[63250, 15089, 21849, 724, 1824, 76, 63, 748]
(EngineCore pid=88) 2026-09-24 03:18:40.360 | INFO     | serving_packed_step:audit_log:94 - [PACKED] request=cmpl-a095ee79e0e35da3-0-8b2fc3b4 segment=0 position=131103 prefix=5 emitted=5 predictions=[68094, 3414, 11, 615, 75058, 6533, 11, 1005]
(EngineCore pid=88) 2026-09-24 03:18:40.402 | INFO     | serving_worker_hook:_execute:229 - [PHASE] execute total=64 new=0 cached=4 spec=4 finished=[] preempted=[]
(EngineCore pid=88) 2026-09-24 03:18:40.554 | INFO     | packed_verifier:diagnostic:121 - [PACKED-PHASE] round=12 users=4 bind_ms=1.95 input_ms=5.16 trace_ms=140.26 sync_ms=1.00 readback_ms=1.13
(EngineCore pid=88) 2026-09-24 03:18:40.584 | INFO     | serving_packed_step:audit_log:94 - [PACKED] request=cmpl-aabbd08b3930998e-0-865b1c79 segment=3 position=131119 prefix=13 emitted=13 predictions=[10294, 7494, 6994, 6363, 13460, 12309, 286, 4244]
(EngineCore pid=88) 2026-09-24 03:18:40.601 | INFO     | serving_packed_step:audit_log:94 - [PACKED] request=cmpl-bc7f6382991a7d53-0-a0fff0f9 segment=2 position=131109 prefix=7 emitted=7 predictions=[6971, 63, 271, 332, 71516, 64700, 198, 279]
(EngineCore pid=88) 2026-09-24 03:18:40.618 | INFO     | serving_packed_step:audit_log:94 - [PACKED] request=cmpl-872a87199a4cde2f-0-b79c2f15 segment=1 position=131106 prefix=3 emitted=3 predictions=[69961, 697, 4493, 6971, 63, 11352, 369, 31084]
(EngineCore pid=88) 2026-09-24 03:18:40.636 | INFO     | serving_packed_step:audit_log:94 - [PACKED] request=cmpl-a095ee79e0e35da3-0-8b2fc3b4 segment=0 position=131108 prefix=1 emitted=1 predictions=[6533, 11, 1445, 343, 1120, 8872, 22068, 3414]
(EngineCore pid=88) 2026-09-24 03:18:40.683 | INFO     | serving_worker_hook:_execute:229 - [PHASE] execute total=64 new=0 cached=4 spec=4 finished=[] preempted=[]
(EngineCore pid=88) 2026-09-24 03:18:40.841 | INFO     | packed_verifier:diagnostic:121 - [PACKED-PHASE] round=13 users=4 bind_ms=2.16 input_ms=9.31 trace_ms=140.21 sync_ms=1.14 readback_ms=3.73
(EngineCore pid=88) 2026-09-24 03:18:40.853 | INFO     | serving_packed_step:audit_log:94 - [PACKED] request=cmpl-aabbd08b3930998e-0-865b1c79 segment=3 position=131132 prefix=7 emitted=7 predictions=[424, 25, 271, 71093, 12305, 198, 262, 7345]
(EngineCore pid=88) 2026-09-24 03:18:40.859 | INFO     | serving_packed_step:audit_log:94 - [PACKED] request=cmpl-bc7f6382991a7d53-0-a0fff0f9 segment=2 position=131116 prefix=1 emitted=1 predictions=[1378, 999, 5004, 279, 2972, 40, 34120, 332]
(EngineCore pid=88) 2026-09-24 03:18:40.865 | INFO     | serving_packed_step:audit_log:94 - [PACKED] request=cmpl-872a87199a4cde2f-0-b79c2f15 segment=1 position=131109 prefix=3 emitted=3 predictions=[6971, 63, 318, 11352, 999, 32354, 38, 69961]
(EngineCore pid=88) 2026-09-24 03:18:40.872 | INFO     | serving_packed_step:audit_log:94 - [PACKED] request=cmpl-a095ee79e0e35da3-0-8b2fc3b4 segment=0 position=131109 prefix=1 emitted=1 predictions=[1358, 1445, 343, 1120, 8872, 22068, 3414, 1358]
(EngineCore pid=88) 2026-09-24 03:18:40.944 | INFO     | serving_worker_hook:_execute:229 - [PHASE] execute total=64 new=0 cached=4 spec=4 finished=[] preempted=[]
(EngineCore pid=88) 2026-09-24 03:18:41.097 | INFO     | packed_verifier:diagnostic:121 - [PACKED-PHASE] round=14 users=4 bind_ms=1.98 input_ms=3.94 trace_ms=140.27 sync_ms=0.88 readback_ms=4.04
(EngineCore pid=88) 2026-09-24 03:18:41.122 | INFO     | serving_packed_step:audit_log:94 - [PACKED] request=cmpl-aabbd08b3930998e-0-865b1c79 segment=3 position=131139 prefix=13 emitted=13 predictions=[687, 7345, 12309, 286, 4244, 1153, 1590, 198]
(EngineCore pid=88) 2026-09-24 03:18:41.135 | INFO     | serving_packed_step:audit_log:94 - [PACKED] request=cmpl-bc7f6382991a7d53-0-a0fff0f9 segment=2 position=131117 prefix=3 emitted=3 predictions=[4522, 279, 2972, 314, 279, 328, 14199, 34120]
(EngineCore pid=88) 2026-09-24 03:18:41.144 | INFO     | serving_packed_step:audit_log:94 - [PACKED] request=cmpl-872a87199a4cde2f-0-b79c2f15 segment=1 position=131112 prefix=1 emitted=1 predictions=[1719, 974, 506, 32631, 32354, 36867, 606, 17642]
(EngineCore pid=88) 2026-09-24 03:18:41.151 | INFO     | serving_packed_step:audit_log:94 - [PACKED] request=cmpl-a095ee79e0e35da3-0-8b2fc3b4 segment=0 position=131110 prefix=2 emitted=2 predictions=[727, 1228, 6711, 9410, 68094, 3414, 13572, 2126]
(EngineCore pid=88) 2026-09-24 03:18:41.191 | INFO     | serving_worker_hook:_execute:229 - [PHASE] execute total=64 new=0 cached=4 spec=4 finished=[] preempted=[]
(EngineCore pid=88) 2026-09-24 03:18:41.345 | INFO     | packed_verifier:diagnostic:121 - [PACKED-PHASE] round=15 users=4 bind_ms=2.09 input_ms=4.68 trace_ms=140.20 sync_ms=1.09 readback_ms=3.84
(EngineCore pid=88) 2026-09-24 03:18:41.389 | INFO     | serving_packed_step:audit_log:94 - [PACKED] request=cmpl-aabbd08b3930998e-0-865b1c79 segment=3 position=131152 prefix=12 emitted=12 predictions=[1528, 12237, 271, 285, 638, 920, 69464, 283]
(EngineCore pid=88) 2026-09-24 03:18:41.396 | INFO     | serving_packed_step:audit_log:94 - [PACKED] request=cmpl-bc7f6382991a7d53-0-a0fff0f9 segment=2 position=131120 prefix=1 emitted=1 predictions=[14199, 2133, 19179, 34120, 332, 1558, 11, 264]
(EngineCore pid=88) 2026-09-24 03:18:41.401 | INFO     | serving_packed_step:audit_log:94 - [PACKED] request=cmpl-872a87199a4cde2f-0-b79c2f15 segment=1 position=131113 prefix=3 emitted=3 predictions=[1510, 32354, 38, 11361, 69961, 523, 369, 3799]
(EngineCore pid=88) 2026-09-24 03:18:41.407 | INFO     | serving_packed_step:audit_log:94 - [PACKED] request=cmpl-a095ee79e0e35da3-0-8b2fc3b4 segment=0 position=131112 prefix=5 emitted=5 predictions=[74648, 9410, 68094, 3414, 6406, 198, 262, 4071]
(EngineCore pid=88) 2026-09-24 03:18:41.448 | INFO     | serving_worker_hook:_execute:229 - [PHASE] execute total=64 new=0 cached=4 spec=4 finished=[] preempted=[]
(EngineCore pid=88) 2026-09-24 03:18:41.597 | INFO     | packed_verifier:diagnostic:121 - [PACKED-PHASE] round=16 users=4 bind_ms=1.97 input_ms=3.76 trace_ms=140.21 sync_ms=1.10 readback_ms=0.96
(EngineCore pid=88) 2026-09-24 03:18:41.614 | INFO     | serving_packed_step:audit_log:94 - [PACKED] request=cmpl-aabbd08b3930998e-0-865b1c79 segment=3 position=131164 prefix=16 emitted=16 predictions=[1528, 364, 16350, 198, 285, 638, 20615, 13042]
(EngineCore pid=88) 2026-09-24 03:18:41.620 | INFO     | serving_packed_step:audit_log:94 - [PACKED] request=cmpl-bc7f6382991a7d53-0-a0fff0f9 segment=2 position=131121 prefix=6 emitted=6 predictions=[34120, 332, 1558, 11, 264, 11096, 436, 3950]
(EngineCore pid=88) 2026-09-24 03:18:41.625 | INFO     | serving_packed_step:audit_log:94 - [PACKED] request=cmpl-872a87199a4cde2f-0-b79c2f15 segment=1 position=131116 prefix=5 emitted=5 predictions=[69961, 11361, 19, 83167, 1385, 523, 369, 3799]
(EngineCore pid=88) 2026-09-24 03:18:41.632 | INFO     | serving_packed_step:audit_log:94 - [PACKED] request=cmpl-a095ee79e0e35da3-0-8b2fc3b4 segment=0 position=131117 prefix=2 emitted=2 predictions=[17062, 4406, 4406, 198, 262, 4071, 2198, 421]
(EngineCore pid=88) 2026-09-24 03:18:41.674 | INFO     | serving_worker_hook:_execute:229 - [PHASE] execute total=64 new=0 cached=4 spec=4 finished=[] preempted=[]
(EngineCore pid=88) 2026-09-24 03:18:41.832 | INFO     | packed_verifier:diagnostic:121 - [PACKED-PHASE] round=17 users=4 bind_ms=2.65 input_ms=7.40 trace_ms=140.28 sync_ms=1.70 readback_ms=2.63
(EngineCore pid=88) 2026-09-24 03:18:41.861 | INFO     | serving_packed_step:audit_log:94 - [PACKED] request=cmpl-aabbd08b3930998e-0-865b1c79 segment=3 position=131180 prefix=10 emitted=10 predictions=[13042, 816, 283, 2168, 198, 285, 638, 8837]
(EngineCore pid=88) 2026-09-24 03:18:41.872 | INFO     | serving_packed_step:audit_log:94 - [PACKED] request=cmpl-bc7f6382991a7d53-0-a0fff0f9 segment=2 position=131127 prefix=3 emitted=3 predictions=[314, 436, 8482, 421, 421, 5533, 264, 10185]
(EngineCore pid=88) 2026-09-24 03:18:41.882 | INFO     | serving_packed_step:audit_log:94 - [PACKED] request=cmpl-872a87199a4cde2f-0-b79c2f15 segment=1 position=131121 prefix=9 emitted=9 predictions=[519, 24154, 51556, 63, 1654, 369, 3799, 974]
(EngineCore pid=88) 2026-09-24 03:18:41.891 | INFO     | serving_packed_step:audit_log:94 - [PACKED] request=cmpl-a095ee79e0e35da3-0-8b2fc3b4 segment=0 position=131119 prefix=7 emitted=7 predictions=[198, 262, 4071, 2198, 421, 264, 2153, 2153]
(EngineCore pid=88) 2026-09-24 03:18:41.933 | INFO     | serving_worker_hook:_execute:229 - [PHASE] execute total=64 new=0 cached=4 spec=4 finished=[] preempted=[]
(EngineCore pid=88) 2026-09-24 03:18:42.086 | INFO     | packed_verifier:diagnostic:121 - [PACKED-PHASE] round=18 users=4 bind_ms=2.31 input_ms=5.84 trace_ms=140.26 sync_ms=1.08 readback_ms=1.15
(EngineCore pid=88) 2026-09-24 03:18:42.098 | INFO     | serving_packed_step:audit_log:94 - [PACKED] request=cmpl-aabbd08b3930998e-0-865b1c79 segment=3 position=131190 prefix=16 emitted=16 predictions=[816, 283, 2168, 198, 285, 638, 4792, 8901]
(EngineCore pid=88) 2026-09-24 03:18:42.108 | INFO     | serving_packed_step:audit_log:94 - [PACKED] request=cmpl-bc7f6382991a7d53-0-a0fff0f9 segment=2 position=131130 prefix=4 emitted=4 predictions=[4680, 421, 5533, 264, 10185, 290, 59930, 6326]
(EngineCore pid=88) 2026-09-24 03:18:42.121 | INFO     | serving_packed_step:audit_log:94 - [PACKED] request=cmpl-872a87199a4cde2f-0-b79c2f15 segment=1 position=131130 prefix=3 emitted=3 predictions=[561, 1483, 2972, 999, 369, 1510, 685, 369]
(EngineCore pid=88) 2026-09-24 03:18:42.133 | INFO     | serving_packed_step:audit_log:94 - [PACKED] request=cmpl-a095ee79e0e35da3-0-8b2fc3b4 segment=0 position=131126 prefix=1 emitted=1 predictions=[2020, 4523, 369, 8977, 310, 279, 13992, 869]
(EngineCore pid=88) 2026-09-24 03:18:42.178 | INFO     | serving_worker_hook:_execute:229 - [PHASE] execute total=64 new=0 cached=4 spec=4 finished=[] preempted=[]
(EngineCore pid=88) 2026-09-24 03:18:42.328 | INFO     | packed_verifier:diagnostic:121 - [PACKED-PHASE] round=19 users=4 bind_ms=1.99 input_ms=4.42 trace_ms=140.23 sync_ms=0.97 readback_ms=1.13
(EngineCore pid=88) 2026-09-24 03:18:42.357 | INFO     | serving_packed_step:audit_log:94 - [PACKED] request=cmpl-aabbd08b3930998e-0-865b1c79 segment=3 position=131206 prefix=15 emitted=15 predictions=[10984, 283, 3439, 198, 285, 638, 26442, 283]
(EngineCore pid=88) 2026-09-24 03:18:42.363 | INFO     | serving_packed_step:audit_log:94 - [PACKED] request=cmpl-bc7f6382991a7d53-0-a0fff0f9 segment=2 position=131134 prefix=6 emitted=6 predictions=[328, 10185, 290, 1, 17120, 1332, 11746, 311]
(EngineCore pid=88) 2026-09-24 03:18:42.368 | INFO     | serving_packed_step:audit_log:94 - [PACKED] request=cmpl-872a87199a4cde2f-0-b79c2f15 segment=1 position=131133 prefix=10 emitted=10 predictions=[14311, 332, 999, 369, 1510, 85, 636, 76]
(EngineCore pid=88) 2026-09-24 03:18:42.375 | INFO     | serving_packed_step:audit_log:94 - [PACKED] request=cmpl-a095ee79e0e35da3-0-8b2fc3b4 segment=0 position=131127 prefix=3 emitted=3 predictions=[19310, 369, 8977, 310, 279, 13992, 869, 364]
(EngineCore pid=88) 2026-09-24 03:18:42.416 | INFO     | serving_worker_hook:_execute:229 - [PHASE] execute total=64 new=0 cached=4 spec=4 finished=[] preempted=[]
(EngineCore pid=88) 2026-09-24 03:18:42.568 | INFO     | packed_verifier:diagnostic:121 - [PACKED-PHASE] round=20 users=4 bind_ms=2.13 input_ms=5.05 trace_ms=140.19 sync_ms=1.05 readback_ms=1.16
(EngineCore pid=88) 2026-09-24 03:18:42.576 | INFO     | serving_packed_step:audit_log:94 - [PACKED] request=cmpl-aabbd08b3930998e-0-865b1c79 segment=3 position=131221 prefix=16 emitted=16 predictions=[283, 2168, 198, 285, 638, 4792, 3954, 3042]
(EngineCore pid=88) 2026-09-24 03:18:42.583 | INFO     | serving_packed_step:audit_log:94 - [PACKED] request=cmpl-bc7f6382991a7d53-0-a0fff0f9 segment=2 position=131140 prefix=1 emitted=1 predictions=[13224, 1788, 13224, 5199, 5081, 5081, 28782, 318]
(EngineCore pid=88) 2026-09-24 03:18:42.596 | INFO     | serving_packed_step:audit_log:94 - [PACKED] request=cmpl-872a87199a4cde2f-0-b79c2f15 segment=1 position=131143 prefix=11 emitted=11 predictions=[12943, 4912, 6454, 2506, 697, 4493, 63250, 15089]
(EngineCore pid=88) 2026-09-24 03:18:42.609 | INFO     | serving_packed_step:audit_log:94 - [PACKED] request=cmpl-a095ee79e0e35da3-0-8b2fc3b4 segment=0 position=131130 prefix=5 emitted=5 predictions=[310, 2107, 1879, 321, 2468, 71483, 198, 262]
(EngineCore pid=88) 2026-09-24 03:18:42.657 | INFO     | serving_worker_hook:_execute:229 - [PHASE] execute total=64 new=0 cached=4 spec=4 finished=[] preempted=[]
(EngineCore pid=88) 2026-09-24 03:18:42.831 | INFO     | packed_verifier:diagnostic:121 - [PACKED-PHASE] round=21 users=4 bind_ms=2.69 input_ms=24.46 trace_ms=140.22 sync_ms=1.23 readback_ms=1.12
(EngineCore pid=88) 2026-09-24 03:18:42.842 | INFO     | serving_packed_step:audit_log:94 - [PACKED] request=cmpl-aabbd08b3930998e-0-865b1c79 segment=3 position=131237 prefix=16 emitted=16 predictions=[3273, 20967, 283, 1535, 198, 285, 638, 4792]
(EngineCore pid=88) 2026-09-24 03:18:42.848 | INFO     | serving_packed_step:audit_log:94 - [PACKED] request=cmpl-bc7f6382991a7d53-0-a0fff0f9 segment=2 position=131141 prefix=2 emitted=2 predictions=[513, 11173, 5081, 5081, 6136, 5215, 5215, 7698]
(EngineCore pid=88) 2026-09-24 03:18:42.861 | INFO     | serving_packed_step:audit_log:94 - [PACKED] request=cmpl-872a87199a4cde2f-0-b79c2f15 segment=1 position=131154 prefix=9 emitted=9 predictions=[697, 4493, 6971, 27653, 271, 9764, 728, 3286]
(EngineCore pid=88) 2026-09-24 03:18:42.874 | INFO     | serving_packed_step:audit_log:94 - [PACKED] request=cmpl-a095ee79e0e35da3-0-8b2fc3b4 segment=0 position=131135 prefix=4 emitted=4 predictions=[71483, 198, 262, 1067, 54393, 11, 2468, 283]
(EngineCore pid=88) 2026-09-24 03:18:42.925 | INFO     | serving_worker_hook:_execute:229 - [PHASE] execute total=64 new=0 cached=4 spec=4 finished=[] preempted=[]
(EngineCore pid=88) 2026-09-24 03:18:43.103 | INFO     | packed_verifier:diagnostic:121 - [PACKED-PHASE] round=22 users=4 bind_ms=2.31 input_ms=31.02 trace_ms=140.26 sync_ms=1.18 readback_ms=1.75
(EngineCore pid=88) 2026-09-24 03:18:43.110 | INFO     | serving_packed_step:audit_log:94 - [PACKED] request=cmpl-aabbd08b3930998e-0-865b1c79 segment=3 position=131253 prefix=12 emitted=12 predictions=[15052, 66744, 6018, 5737, 1021, 283, 3439, 198]
(EngineCore pid=88) 2026-09-24 03:18:43.115 | INFO     | serving_packed_step:audit_log:94 - [PACKED] request=cmpl-bc7f6382991a7d53-0-a0fff0f9 segment=2 position=131143 prefix=3 emitted=3 predictions=[5081, 2942, 27718, 79608, 328, 364, 1049, 11222]
(EngineCore pid=88) 2026-09-24 03:18:43.120 | INFO     | serving_packed_step:audit_log:94 - [PACKED] request=cmpl-872a87199a4cde2f-0-b79c2f15 segment=1 position=131163 prefix=1 emitted=1 predictions=[15060, 13, 271, 550, 271, 550, 24425, 220]
(EngineCore pid=88) 2026-09-24 03:18:43.127 | INFO     | serving_packed_step:audit_log:94 - [PACKED] request=cmpl-a095ee79e0e35da3-0-8b2fc3b4 segment=0 position=131139 prefix=10 emitted=10 predictions=[283, 696, 16815, 9410, 68094, 3414, 7, 15]
(EngineCore pid=88) 2026-09-24 03:18:43.171 | INFO     | serving_worker_hook:_execute:229 - [PHASE] execute total=64 new=0 cached=4 spec=4 finished=[] preempted=[]
(EngineCore pid=88) 2026-09-24 03:18:43.331 | INFO     | packed_verifier:diagnostic:121 - [PACKED-PHASE] round=23 users=4 bind_ms=2.03 input_ms=12.91 trace_ms=140.23 sync_ms=2.61 readback_ms=1.19
(EngineCore pid=88) 2026-09-24 03:18:43.342 | INFO     | serving_packed_step:audit_log:94 - [PACKED] request=cmpl-aabbd08b3930998e-0-865b1c79 segment=3 position=131265 prefix=10 emitted=10 predictions=[21805, 3634, 283, 3439, 271, 285, 638, 81062]
(EngineCore pid=88) 2026-09-24 03:18:43.347 | INFO     | serving_packed_step:audit_log:94 - [PACKED] request=cmpl-bc7f6382991a7d53-0-a0fff0f9 segment=2 position=131146 prefix=2 emitted=2 predictions=[10185, 4133, 57208, 440, 3050, 70901, 70901, 16456]
(EngineCore pid=88) 2026-09-24 03:18:43.355 | INFO     | serving_packed_step:audit_log:94 - [PACKED] request=cmpl-872a87199a4cde2f-0-b79c2f15 segment=1 position=131164 prefix=3 emitted=3 predictions=[13, 271, 550, 271, 550, 40619, 25, 1510]
(EngineCore pid=88) 2026-09-24 03:18:43.366 | INFO     | serving_packed_step:audit_log:94 - [PACKED] request=cmpl-a095ee79e0e35da3-0-8b2fc3b4 segment=0 position=131149 prefix=7 emitted=7 predictions=[8, 198, 262, 1992, 1067, 606, 318, 15]
(EngineCore pid=88) 2026-09-24 03:18:43.407 | INFO     | serving_worker_hook:_execute:229 - [PHASE] execute total=64 new=0 cached=4 spec=4 finished=[] preempted=[]
(EngineCore pid=88) 2026-09-24 03:18:43.561 | INFO     | packed_verifier:diagnostic:121 - [PACKED-PHASE] round=24 users=4 bind_ms=2.02 input_ms=5.24 trace_ms=140.31 sync_ms=1.08 readback_ms=3.84
(EngineCore pid=88) 2026-09-24 03:18:43.662 | INFO     | serving_packed_step:audit_log:94 - [PACKED] request=cmpl-aabbd08b3930998e-0-865b1c79 segment=3 position=131275 prefix=15 emitted=15 predictions=[1535, 198, 285, 638, 8837, 61759, 6276, 283]
(EngineCore pid=88) 2026-09-24 03:18:43.679 | INFO     | serving_packed_step:audit_log:94 - [PACKED] request=cmpl-bc7f6382991a7d53-0-a0fff0f9 segment=2 position=131148 prefix=1 emitted=1 predictions=[31789, 1049, 5954, 364, 1558, 6000, 310, 11256]
(EngineCore pid=88) 2026-09-24 03:18:43.688 | INFO     | serving_packed_step:audit_log:94 - [PACKED] request=cmpl-872a87199a4cde2f-0-b79c2f15 segment=1 position=131167 prefix=6 emitted=6 predictions=[24425, 220, 16, 25, 1510, 5917, 439, 697]
(EngineCore pid=88) 2026-09-24 03:18:43.696 | INFO     | serving_packed_step:audit_log:94 - [PACKED] request=cmpl-a095ee79e0e35da3-0-8b2fc3b4 segment=0 position=131156 prefix=16 emitted=16 predictions=[15, 13, 20, 11, 220, 15, 13, 20]
(EngineCore pid=88) 2026-09-24 03:18:43.741 | INFO     | serving_worker_hook:_execute:229 - [PHASE] execute total=64 new=0 cached=4 spec=4 finished=[] preempted=[]
(EngineCore pid=88) 2026-09-24 03:18:43.896 | INFO     | packed_verifier:diagnostic:121 - [PACKED-PHASE] round=25 users=4 bind_ms=2.01 input_ms=6.69 trace_ms=140.28 sync_ms=0.86 readback_ms=0.75
(EngineCore pid=88) 2026-09-24 03:18:43.906 | INFO     | serving_packed_step:audit_log:94 - [PACKED] request=cmpl-aabbd08b3930998e-0-865b1c79 segment=3 position=131290 prefix=16 emitted=16 predictions=[7530, 283, 1535, 271, 285, 653, 1528, 364]
(EngineCore pid=88) 2026-09-24 03:18:43.911 | INFO     | serving_packed_step:audit_log:94 - [PACKED] request=cmpl-bc7f6382991a7d53-0-a0fff0f9 segment=2 position=131149 prefix=4 emitted=4 predictions=[440, 3050, 6326, 23038, 26228, 318, 1049, 11222]
(EngineCore pid=88) 2026-09-24 03:18:43.920 | INFO     | serving_packed_step:audit_log:94 - [PACKED] request=cmpl-872a87199a4cde2f-0-b79c2f15 segment=1 position=131173 prefix=1 emitted=1 predictions=[39952, 156532, 64, 4493, 1892, 524, 593, 76]
(EngineCore pid=88) 2026-09-24 03:18:43.927 | INFO     | serving_packed_step:audit_log:94 - [PACKED] request=cmpl-a095ee79e0e35da3-0-8b2fc3b4 segment=0 position=131172 prefix=11 emitted=11 predictions=[6406, 5076, 4406, 198, 262, 4071, 2198, 421]
(EngineCore pid=88) 2026-09-24 03:18:43.967 | INFO     | serving_worker_hook:_execute:229 - [PHASE] execute total=64 new=0 cached=4 spec=4 finished=[] preempted=[]
(EngineCore pid=88) 2026-09-24 03:18:44.118 | INFO     | packed_verifier:diagnostic:121 - [PACKED-PHASE] round=26 users=4 bind_ms=1.97 input_ms=4.74 trace_ms=140.24 sync_ms=1.13 readback_ms=1.11
(EngineCore pid=88) 2026-09-24 03:18:44.155 | INFO     | serving_packed_step:audit_log:94 - [PACKED] request=cmpl-aabbd08b3930998e-0-865b1c79 segment=3 position=131306 prefix=14 emitted=14 predictions=[1666, 70385, 24109, 283, 3439, 198, 285, 638]
(EngineCore pid=88) 2026-09-24 03:18:44.164 | INFO     | serving_packed_step:audit_log:94 - [PACKED] request=cmpl-bc7f6382991a7d53-0-a0fff0f9 segment=2 position=131153 prefix=5 emitted=5 predictions=[318, 9461, 5972, 13, 2136, 2136, 2136, 11]
(EngineCore pid=88) 2026-09-24 03:18:44.175 | INFO     | serving_packed_step:audit_log:94 - [PACKED] request=cmpl-872a87199a4cde2f-0-b79c2f15 segment=1 position=131174 prefix=4 emitted=4 predictions=[439, 697, 4493, 33030, 5667, 33030, 1892, 1510]
(EngineCore pid=88) 2026-09-24 03:18:44.183 | INFO     | serving_packed_step:audit_log:94 - [PACKED] request=cmpl-a095ee79e0e35da3-0-8b2fc3b4 segment=0 position=131183 prefix=3 emitted=3 predictions=[19310, 440, 1879, 2663, 45447, 2468, 2663, 198]
(EngineCore pid=88) 2026-09-24 03:18:44.225 | INFO     | serving_worker_hook:_execute:229 - [PHASE] execute total=16 new=0 cached=4 spec=4 finished=[] preempted=[]
(EngineCore pid=88) 2026-09-24 03:18:44.746 | INFO     | serving_worker_hook:_execute:229 - [PHASE] execute total=14 new=0 cached=4 spec=4 finished=[] preempted=[]
(APIServer pid=38) INFO 09-24 03:18:44 [metrics.py:120] SpecDecoding metrics: Mean acceptance length: 5.27, Accepted throughput: 1.82 tokens/s, Drafted throughput: 6.21 tokens/s, Accepted: 461 tokens, Drafted: 1572 tokens, Per-position acceptance rate: 0.796, 0.704, 0.537, 0.426, 0.324, 0.278, 0.222, 0.213, 0.185, 0.148, 0.120, 0.102, 0.083, 0.074, 0.056, Avg Draft acceptance rate: 29.3%
(EngineCore pid=88) 2026-09-24 03:18:45.246 | INFO     | serving_worker_hook:_execute:229 - [PHASE] execute total=13 new=0 cached=4 spec=3 finished=[] preempted=[]
(EngineCore pid=88) {"stage": "fast_serving_phases", "blocks": [{"position": 131072, "rows": 16, "committed": 3, "draft_ms": 0.07568998262286186, "verify_host_ms": 256.3446993008256, "commit_host_ms": 37.05054009333253, "cycle_ms": 302.15036729350686, "outside_phases_ms": 8.642796892672777, "verifier": {"segments": [3, 2, 1, 0], "staged_buffers": 145, "binding_validation_ms": 2.4896543473005295, "input_ms": 106.35774582624435, "verify_readback_ms": 146.9772169366479, "blocking_trace_host_ms": 140.25976974517107, "replay_checks_sync_ms": 0.6420044228434563, "output_readback_host_ms": 6.075442768633366, "users": 4, "packed": true, "segment": 3}}, {"position": 131075, "rows": 16, "committed": 8, "draft_ms": 0.07320009171962738, "verify_host_ms": 148.99413799867034, "commit_host_ms": 26.749724987894297, "cycle_ms": 436.5675766021013, "outside_phases_ms": 260.71402383968234, "verifier": {"segments": [3, 2, 1, 0], "staged_buffers": 145, "binding_validation_ms": 1.7818892374634743, "input_ms": 4.335213918238878, "verify_readback_ms": 142.50163175165653, "blocking_trace_host_ms": 140.3232798911631, "replay_checks_sync_ms": 1.1411062441766262, "output_readback_host_ms": 1.0372456163167953, "users": 4, "packed": true, "segment": 3}}, {"position": 131083, "rows": 16, "committed": 7, "draft_ms": 0.08390005677938461, "verify_host_ms": 150.73040686547756, "commit_host_ms": 26.406562887132168, "cycle_ms": 265.78433997929096, "outside_phases_ms": 88.52923009544611, "verifier": {"segments": [3, 2, 1, 0], "staged_buffers": 145, "binding_validation_ms": 2.2077620960772038, "input_ms": 6.01385161280632, "verify_readback_ms": 142.1023802831769, "blocking_trace_host_ms": 140.30615100637078, "replay_checks_sync_ms": 0.9355153888463974, "output_readback_host_ms": 0.8607138879597187, "users": 4, "packed": true, "segment": 3}}, {"position": 131090, "rows": 16, "committed": 4, "draft_ms": 0.0739111565053463, "verify_host_ms": 149.87893169745803, "commit_host_ms": 23.956039920449257, "cycle_ms": 234.51306112110615, "outside_phases_ms": 60.57208823040128, "verifier": {"segments": [3, 2, 1, 0], "staged_buffers": 145, "binding_validation_ms": 1.979371067136526, "input_ms": 5.80119201913476, "verify_readback_ms": 141.7589676566422, "blocking_trace_host_ms": 140.2458199299872, "replay_checks_sync_ms": 0.7884539663791656, "output_readback_host_ms": 0.7246937602758408, "users": 4, "packed": true, "segment": 3}}, {"position": 131094, "rows": 16, "committed": 7, "draft_ms": 0.07336027920246124, "verify_host_ms": 151.8238326534629, "commit_host_ms": 12.237865943461657, "cycle_ms": 260.4461619630456, "outside_phases_ms": 96.26347199082375, "verifier": {"segments": [3, 2, 1, 0], "staged_buffers": 145, "binding_validation_ms": 1.9121700897812843, "input_ms": 4.380393773317337, "verify_readback_ms": 145.11815691366792, "blocking_trace_host_ms": 140.3340008109808, "replay_checks_sync_ms": 1.0340651497244835, "output_readback_host_ms": 3.750090952962637, "users": 4, "packed": true, "segment": 3}}, {"position": 131101, "rows": 16, "committed": 3, "draft_ms": 0.07871119305491447, "verify_host_ms": 150.13490384444594, "commit_host_ms": 8.028874173760414, "cycle_ms": 300.53970916196704, "outside_phases_ms": 142.2582301311195, "verifier": {"segments": [3, 2, 1, 0], "staged_buffers": 145, "binding_validation_ms": 1.9786711782217026, "input_ms": 5.466319154947996, "verify_readback_ms": 142.2825106419623, "blocking_trace_host_ms": 140.24682017043233, "replay_checks_sync_ms": 0.9709857404232025, "output_readback_host_ms": 1.0647047311067581, "users": 4, "packed": true, "segment": 3}}, {"position": 131104, "rows": 16, "committed": 2, "draft_ms": 0.09080115705728531, "verify_host_ms": 149.00639699772, "commit_host_ms": 20.331481005996466, "cycle_ms": 235.58571701869369, "outside_phases_ms": 66.119777970016, "verifier": {"segments": [3, 2, 1, 0], "staged_buffers": 145, "binding_validation_ms": 1.9533811137080193, "input_ms": 4.659364931285381, "verify_readback_ms": 142.00998982414603, "blocking_trace_host_ms": 140.22344117984176, "replay_checks_sync_ms": 0.9168637916445732, "output_readback_host_ms": 0.8696848526597023, "users": 4, "packed": true, "segment": 3}}, {"position": 131106, "rows": 16, "committed": 1, "draft_ms": 0.09415065869688988, "verify_host_ms": 149.98328313231468, "commit_host_ms": 7.460370659828186, "cycle_ms": 223.0689087882638, "outside_phases_ms": 65.49242418259382, "verifier": {"segments": [3, 2, 1, 0], "staged_buffers": 145, "binding_validation_ms": 2.062310930341482, "input_ms": 5.265579093247652, "verify_readback_ms": 142.17749098315835, "blocking_trace_host_ms": 140.19655995070934, "replay_checks_sync_ms": 0.975385308265686, "output_readback_host_ms": 1.005545724183321, "users": 4, "packed": true, "segment": 3}}, {"position": 131107, "rows": 16, "committed": 2, "draft_ms": 0.07501011714339256, "verify_host_ms": 166.05353029444814, "commit_host_ms": 5.914391949772835, "cycle_ms": 253.6491840146482, "outside_phases_ms": 81.56966185197234, "verifier": {"segments": [3, 2, 1, 0], "staged_buffers": 145, "binding_validation_ms": 1.9687600433826447, "input_ms": 21.110245026648045, "verify_readback_ms": 142.55019323900342, "blocking_trace_host_ms": 140.28025977313519, "replay_checks_sync_ms": 1.2493873946368694, "output_readback_host_ms": 1.0205460712313652, "users": 4, "packed": true, "segment": 3}}, {"position": 131109, "rows": 16, "committed": 4, "draft_ms": 0.14241132885217667, "verify_host_ms": 181.58521503210068, "commit_host_ms": 7.60329095646739, "cycle_ms": 259.3337162397802, "outside_phases_ms": 69.94989886879921, "verifier": {"segments": [3, 2, 1, 0], "staged_buffers": 145, "binding_validation_ms": 2.0172307267785072, "input_ms": 36.32490709424019, "verify_readback_ms": 142.71087292581797, "blocking_trace_host_ms": 140.22670965641737, "replay_checks_sync_ms": 1.1688163504004478, "output_readback_host_ms": 1.3153469190001488, "users": 4, "packed": true, "segment": 3}}, {"position": 131113, "rows": 16, "committed": 6, "draft_ms": 0.07743993774056435, "verify_host_ms": 149.6216906234622, "commit_host_ms": 23.08952482417226, "cycle_ms": 252.11731577292085, "outside_phases_ms": 79.28990013897419, "verifier": {"segments": [3, 2, 1, 0], "staged_buffers": 145, "binding_validation_ms": 1.985960640013218, "input_ms": 5.130487028509378, "verify_readback_ms": 142.10937032476068, "blocking_trace_host_ms": 140.23546129465103, "replay_checks_sync_ms": 0.9280648082494736, "output_readback_host_ms": 0.9458442218601704, "users": 4, "packed": true, "segment": 3}}, {"position": 131119, "rows": 16, "committed": 13, "draft_ms": 0.07596099749207497, "verify_host_ms": 149.95713299140334, "commit_host_ms": 29.520949814468622, "cycle_ms": 250.3424370661378, "outside_phases_ms": 70.74899319559336, "verifier": {"segments": [3, 2, 1, 0], "staged_buffers": 145, "binding_validation_ms": 1.951831392943859, "input_ms": 5.16192801296711, "verify_readback_ms": 142.39950058981776, "blocking_trace_host_ms": 140.2647397480905, "replay_checks_sync_ms": 1.0033352300524712, "output_readback_host_ms": 1.1314256116747856, "users": 4, "packed": true, "segment": 3}}, {"position": 131132, "rows": 16, "committed": 7, "draft_ms": 0.16541080549359322, "verify_host_ms": 157.02476119622588, "commit_host_ms": 11.915385257452726, "cycle_ms": 269.1246191971004, "outside_phases_ms": 99.95471220463514, "verifier": {"segments": [3, 2, 1, 0], "staged_buffers": 145, "binding_validation_ms": 2.1586320362985134, "input_ms": 9.310601279139519, "verify_readback_ms": 145.0756057165563, "blocking_trace_host_ms": 140.20799985155463, "replay_checks_sync_ms": 1.1370060965418816, "output_readback_host_ms": 3.730599768459797, "users": 4, "packed": true, "segment": 3}}, {"position": 131139, "rows": 16, "committed": 13, "draft_ms": 0.13405131176114082, "verify_host_ms": 151.4541213400662, "commit_host_ms": 25.102196726948023, "cycle_ms": 268.96551763638854, "outside_phases_ms": 92.24022831767797, "verifier": {"segments": [3, 2, 1, 0], "staged_buffers": 145, "binding_validation_ms": 1.9777710549533367, "input_ms": 3.9430810138583183, "verify_readback_ms": 145.1935670338571, "blocking_trace_host_ms": 140.2713912539184, "replay_checks_sync_ms": 0.8826837874948978, "output_readback_host_ms": 4.0394919924438, "users": 4, "packed": true, "segment": 3}}, {"position": 131152, "rows": 16, "committed": 12, "draft_ms": 0.09279092773795128, "verify_host_ms": 152.4084461852908, "commit_host_ms": 43.79027662798762, "cycle_ms": 267.1148870140314, "outside_phases_ms": 70.75710315257311, "verifier": {"segments": [3, 2, 1, 0], "staged_buffers": 145, "binding_validation_ms": 2.0878221839666367, "input_ms": 4.683124832808971, "verify_readback_ms": 145.12297697365284, "blocking_trace_host_ms": 140.19510988146067, "replay_checks_sync_ms": 1.0867863893508911, "output_readback_host_ms": 3.841080702841282, "users": 4, "packed": true, "segment": 3}}, {"position": 131164, "rows": 16, "committed": 16, "draft_ms": 0.07794983685016632, "verify_host_ms": 148.38836481794715, "commit_host_ms": 17.17315288260579, "cycle_ms": 225.05184030160308, "outside_phases_ms": 59.37669239938259, "verifier": {"segments": [3, 2, 1, 0], "staged_buffers": 145, "binding_validation_ms": 1.9687809981405735, "input_ms": 3.7639709189534187, "verify_readback_ms": 142.26716104894876, "blocking_trace_host_ms": 140.21104015409946, "replay_checks_sync_ms": 1.1009946465492249, "output_readback_host_ms": 0.9551262483000755, "users": 4, "packed": true, "segment": 3}}, {"position": 131180, "rows": 16, "committed": 10, "draft_ms": 0.10448088869452477, "verify_host_ms": 155.1981712691486, "commit_host_ms": 28.793116100132465, "cycle_ms": 246.5542359277606, "outside_phases_ms": 62.41418793797493, "verifier": {"segments": [3, 2, 1, 0], "staged_buffers": 145, "binding_validation_ms": 2.6507549919188023, "input_ms": 7.4041797779500484, "verify_readback_ms": 144.6110443212092, "blocking_trace_host_ms": 140.28437016531825, "replay_checks_sync_ms": 1.697109080851078, "output_readback_host_ms": 2.6295650750398636, "users": 4, "packed": true, "segment": 3}}, {"position": 131190, "rows": 16, "committed": 16, "draft_ms": 0.08264044299721718, "verify_host_ms": 151.1883889324963, "commit_host_ms": 11.519651859998703, "cycle_ms": 236.6424328647554, "outside_phases_ms": 73.81096063181758, "verifier": {"segments": [3, 2, 1, 0], "staged_buffers": 145, "binding_validation_ms": 2.3099929094314575, "input_ms": 5.842690821737051, "verify_readback_ms": 142.49393297359347, "blocking_trace_host_ms": 140.26479981839657, "replay_checks_sync_ms": 1.077017281204462, "output_readback_host_ms": 1.152115873992443, "users": 4, "packed": true, "segment": 3}}, {"position": 131206, "rows": 16, "committed": 15, "draft_ms": 0.07661012932658195, "verify_host_ms": 149.15069798007607, "commit_host_ms": 28.883635997772217, "cycle_ms": 259.6100172959268, "outside_phases_ms": 81.45881211385131, "verifier": {"segments": [3, 2, 1, 0], "staged_buffers": 145, "binding_validation_ms": 1.99456000700593, "input_ms": 4.424154758453369, "verify_readback_ms": 142.32227113097906, "blocking_trace_host_ms": 140.22507006302476, "replay_checks_sync_ms": 0.9670550934970379, "output_readback_host_ms": 1.130145974457264, "users": 4, "packed": true, "segment": 3}}, {"position": 131221, "rows": 16, "committed": 16, "draft_ms": 0.15754112973809242, "verify_host_ms": 150.02824319526553, "commit_host_ms": 8.174283895641565, "cycle_ms": 218.82220590487123, "outside_phases_ms": 60.41862769052386, "verifier": {"segments": [3, 2, 1, 0], "staged_buffers": 145, "binding_validation_ms": 2.131632063537836, "input_ms": 5.054276902228594, "verify_readback_ms": 142.39992201328278, "blocking_trace_host_ms": 140.19226981326938, "replay_checks_sync_ms": 1.0508564300835133, "output_readback_host_ms": 1.1567957699298859, "users": 4, "packed": true, "segment": 3}}, {"position": 131237, "rows": 16, "committed": 16, "draft_ms": 0.10048132389783859, "verify_host_ms": 170.21115217357874, "commit_host_ms": 10.343515779823065, "cycle_ms": 265.7302697189152, "outside_phases_ms": 85.03605052828789, "verifier": {"segments": [3, 2, 1, 0], "staged_buffers": 145, "binding_validation_ms": 2.6922840625047684, "input_ms": 24.458632804453373, "verify_readback_ms": 142.57031306624413, "blocking_trace_host_ms": 140.218960121274, "replay_checks_sync_ms": 1.2286766432225704, "output_readback_host_ms": 1.1226763017475605, "users": 4, "packed": true, "segment": 3}}, {"position": 131253, "rows": 16, "committed": 12, "draft_ms": 0.09450968354940414, "verify_host_ms": 176.9633498042822, "commit_host_ms": 6.534605287015438, "cycle_ms": 268.05575331673026, "outside_phases_ms": 84.42326867952943, "verifier": {"segments": [3, 2, 1, 0], "staged_buffers": 145, "binding_validation_ms": 2.3088129237294197, "input_ms": 31.015597749501467, "verify_readback_ms": 143.19617627188563, "blocking_trace_host_ms": 140.25849988684058, "replay_checks_sync_ms": 1.183606218546629, "output_readback_host_ms": 1.7540701664984226, "users": 4, "packed": true, "segment": 3}}, {"position": 131265, "rows": 16, "committed": 10, "draft_ms": 0.10821036994457245, "verify_host_ms": 159.4007438980043, "commit_host_ms": 10.228105820715427, "cycle_ms": 231.71159578487277, "outside_phases_ms": 61.93461548537016, "verifier": {"segments": [3, 2, 1, 0], "staged_buffers": 145, "binding_validation_ms": 2.032211050391197, "input_ms": 12.909499928355217, "verify_readback_ms": 144.0337309613824, "blocking_trace_host_ms": 140.22776996716857, "replay_checks_sync_ms": 2.6133740320801735, "output_readback_host_ms": 1.192586962133646, "users": 4, "packed": true, "segment": 3}}, {"position": 131275, "rows": 16, "committed": 15, "draft_ms": 0.1905611716210842, "verify_host_ms": 152.90520898997784, "commit_host_ms": 101.07317799702287, "cycle_ms": 320.83241920918226, "outside_phases_ms": 66.62290077656507, "verifier": {"segments": [3, 2, 1, 0], "staged_buffers": 145, "binding_validation_ms": 2.0249513909220695, "input_ms": 5.242457613348961, "verify_readback_ms": 145.23312728852034, "blocking_trace_host_ms": 140.30889002606273, "replay_checks_sync_ms": 1.0838261805474758, "output_readback_host_ms": 3.8404110819101334, "users": 4, "packed": true, "segment": 3}}, {"position": 131290, "rows": 16, "committed": 16, "draft_ms": 0.11405115947127342, "verify_host_ms": 151.00594889372587, "commit_host_ms": 9.925233665853739, "cycle_ms": 243.55663964524865, "outside_phases_ms": 82.47447572648525, "verifier": {"segments": [3, 2, 1, 0], "staged_buffers": 145, "binding_validation_ms": 2.006661146879196, "input_ms": 6.690626032650471, "verify_readback_ms": 141.89918991178274, "blocking_trace_host_ms": 140.28427004814148, "replay_checks_sync_ms": 0.860665924847126, "output_readback_host_ms": 0.754253938794136, "users": 4, "packed": true, "segment": 3}}, {"position": 131306, "rows": 16, "committed": 14, "draft_ms": 0.07709022611379623, "verify_host_ms": 149.62036069482565, "commit_host_ms": 36.32541699334979, "cycle_ms": 248.87075927108526, "outside_phases_ms": 62.804661225527525, "verifier": {"segments": [3, 2, 1, 0], "staged_buffers": 145, "binding_validation_ms": 1.973130740225315, "input_ms": 4.739966243505478, "verify_readback_ms": 142.48586166650057, "blocking_trace_host_ms": 140.24442993104458, "replay_checks_sync_ms": 1.134925987571478, "output_readback_host_ms": 1.106505747884512, "users": 4, "packed": true, "segment": 3}}, {"position": 131320, "rows": 4, "committed": 4, "draft_ms": 0.08518015965819359, "verify_host_ms": 86.87844127416611, "commit_host_ms": 54.87594800069928, "cycle_ms": 212.73587318137288, "outside_phases_ms": 70.8963037468493, "verifier": {"input_ms": 1.1201458983123302, "verify_readback_ms": 76.55782531946898, "binding_validation_ms": 0.4350128583610058, "carry_restore_ms": 8.74669710174203, "carry_restored": true, "singleton_position_uploads": 4, "blocking_trace_host_ms": 76.25169400125742, "replay_checks_sync_ms": 0.07345015183091164, "output_readback_host_ms": 0.23268116638064384}}, {"position": 131324, "rows": 2, "committed": 2, "draft_ms": 0.09975070133805275, "verify_host_ms": 75.31859772279859, "commit_host_ms": 39.1153022646904, "cycle_ms": 494.3680288270116, "outside_phases_ms": 379.83437813818455, "verifier": {"input_ms": 0.5794428288936615, "verify_readback_ms": 61.81200500577688, "binding_validation_ms": 0.6393329240381718, "carry_restore_ms": 12.269706930965185, "carry_restored": true, "singleton_position_uploads": 2, "blocking_trace_host_ms": 59.9156953394413, "replay_checks_sync_ms": 0.8169938810169697, "output_readback_host_ms": 1.079315785318613}}, {"position": 131326, "rows": 1, "committed": 1, "draft_ms": 0.008529983460903168, "verify_host_ms": 60.32844679430127, "commit_host_ms": 15.580954030156136, "cycle_ms": 460.7185269705951, "outside_phases_ms": 384.8005961626768, "verifier": {"input_ms": 0.4499522037804127, "verify_readback_ms": 51.046247128397226, "binding_validation_ms": 0.48605306074023247, "carry_restore_ms": 8.326774928718805, "carry_restored": true, "singleton_position_uploads": 1, "blocking_trace_host_ms": 50.810894928872585, "replay_checks_sync_ms": 0.058990903198719025, "output_readback_host_ms": 0.176361296325922}}], "cancelled": false, "finished": true, "timing_scope": "Host wall time, existing blocking boundaries; verifier detail is nested", "added_device_fences": false, "performance_qualified": false}
(EngineCore pid=88) 2026-09-24 03:18:45.796 | INFO     | serving_worker_hook:_execute:229 - [PHASE] execute total=12 new=0 cached=3 spec=3 finished=['cmpl-aabbd08b3930998e-0-865b1c79'] preempted=[]
(EngineCore pid=88) 2026-09-24 03:18:46.149 | INFO     | serving_worker_hook:_execute:229 - [PHASE] execute total=12 new=0 cached=3 spec=3 finished=[] preempted=[]
(EngineCore pid=88) 2026-09-24 03:18:46.507 | INFO     | serving_worker_hook:_execute:229 - [PHASE] execute total=12 new=0 cached=3 spec=3 finished=[] preempted=[]
(EngineCore pid=88) 2026-09-24 03:18:46.911 | INFO     | serving_worker_hook:_execute:229 - [PHASE] execute total=12 new=0 cached=3 spec=3 finished=[] preempted=[]
(EngineCore pid=88) 2026-09-24 03:18:47.293 | INFO     | serving_worker_hook:_execute:229 - [PHASE] execute total=12 new=0 cached=3 spec=3 finished=[] preempted=[]
(EngineCore pid=88) 2026-09-24 03:18:47.677 | INFO     | serving_worker_hook:_execute:229 - [PHASE] execute total=12 new=0 cached=3 spec=3 finished=[] preempted=[]
(EngineCore pid=88) 2026-09-24 03:18:48.075 | INFO     | serving_worker_hook:_execute:229 - [PHASE] execute total=12 new=0 cached=3 spec=3 finished=[] preempted=[]
(EngineCore pid=88) 2026-09-24 03:18:48.454 | INFO     | serving_worker_hook:_execute:229 - [PHASE] execute total=12 new=0 cached=3 spec=3 finished=[] preempted=[]
(EngineCore pid=88) 2026-09-24 03:18:48.878 | INFO     | serving_worker_hook:_execute:229 - [PHASE] execute total=12 new=0 cached=3 spec=3 finished=[] preempted=[]
(EngineCore pid=88) 2026-09-24 03:18:49.229 | INFO     | serving_worker_hook:_execute:229 - [PHASE] execute total=12 new=0 cached=3 spec=3 finished=[] preempted=[]
(EngineCore pid=88) 2026-09-24 03:18:49.583 | INFO     | serving_worker_hook:_execute:229 - [PHASE] execute total=12 new=0 cached=3 spec=3 finished=[] preempted=[]
(EngineCore pid=88) 2026-09-24 03:18:49.960 | INFO     | serving_worker_hook:_execute:229 - [PHASE] execute total=12 new=0 cached=3 spec=3 finished=[] preempted=[]
(EngineCore pid=88) 2026-09-24 03:18:50.336 | INFO     | serving_worker_hook:_execute:229 - [PHASE] execute total=12 new=0 cached=3 spec=3 finished=[] preempted=[]
(EngineCore pid=88) 2026-09-24 03:18:50.800 | INFO     | serving_worker_hook:_execute:229 - [PHASE] execute total=12 new=0 cached=3 spec=3 finished=[] preempted=[]
(EngineCore pid=88) 2026-09-24 03:18:51.182 | INFO     | serving_worker_hook:_execute:229 - [PHASE] execute total=12 new=0 cached=3 spec=3 finished=[] preempted=[]
(EngineCore pid=88) 2026-09-24 03:18:51.557 | INFO     | serving_worker_hook:_execute:229 - [PHASE] execute total=12 new=0 cached=3 spec=3 finished=[] preempted=[]
(EngineCore pid=88) 2026-09-24 03:18:51.926 | INFO     | serving_worker_hook:_execute:229 - [PHASE] execute total=12 new=0 cached=3 spec=3 finished=[] preempted=[]
(EngineCore pid=88) 2026-09-24 03:18:52.322 | INFO     | serving_worker_hook:_execute:229 - [PHASE] execute total=12 new=0 cached=3 spec=3 finished=[] preempted=[]
(EngineCore pid=88) 2026-09-24 03:18:52.681 | INFO     | serving_worker_hook:_execute:229 - [PHASE] execute total=12 new=0 cached=3 spec=3 finished=[] preempted=[]
(EngineCore pid=88) 2026-09-24 03:18:53.068 | INFO     | serving_worker_hook:_execute:229 - [PHASE] execute total=12 new=0 cached=3 spec=3 finished=[] preempted=[]
(EngineCore pid=88) 2026-09-24 03:18:53.463 | INFO     | serving_worker_hook:_execute:229 - [PHASE] execute total=12 new=0 cached=3 spec=3 finished=[] preempted=[]
(EngineCore pid=88) 2026-09-24 03:18:53.833 | INFO     | serving_worker_hook:_execute:229 - [PHASE] execute total=12 new=0 cached=3 spec=3 finished=[] preempted=[]
(EngineCore pid=88) 2026-09-24 03:18:54.206 | INFO     | serving_worker_hook:_execute:229 - [PHASE] execute total=12 new=0 cached=3 spec=3 finished=[] preempted=[]
(EngineCore pid=88) 2026-09-24 03:18:54.571 | INFO     | serving_worker_hook:_execute:229 - [PHASE] execute total=12 new=0 cached=3 spec=3 finished=[] preempted=[]
(APIServer pid=38) INFO 09-24 03:18:54 [metrics.py:120] SpecDecoding metrics: Mean acceptance length: 1.84, Accepted throughput: 6.40 tokens/s, Drafted throughput: 22.60 tokens/s, Accepted: 64 tokens, Drafted: 226 tokens, Per-position acceptance rate: 0.434, 0.237, 0.171, 0.000, 0.000, 0.000, 0.000, 0.000, 0.000, 0.000, 0.000, 0.000, 0.000, 0.000, 0.000, Avg Draft acceptance rate: 28.3%
(EngineCore pid=88) 2026-09-24 03:18:54.942 | INFO     | serving_worker_hook:_execute:229 - [PHASE] execute total=12 new=0 cached=3 spec=3 finished=[] preempted=[]
(EngineCore pid=88) 2026-09-24 03:18:55.307 | INFO     | serving_worker_hook:_execute:229 - [PHASE] execute total=12 new=0 cached=3 spec=3 finished=[] preempted=[]
(EngineCore pid=88) 2026-09-24 03:18:55.678 | INFO     | serving_worker_hook:_execute:229 - [PHASE] execute total=12 new=0 cached=3 spec=3 finished=[] preempted=[]
(EngineCore pid=88) 2026-09-24 03:18:56.040 | INFO     | serving_worker_hook:_execute:229 - [PHASE] execute total=12 new=0 cached=3 spec=3 finished=[] preempted=[]
(EngineCore pid=88) 2026-09-24 03:18:56.415 | INFO     | serving_worker_hook:_execute:229 - [PHASE] execute total=12 new=0 cached=3 spec=3 finished=[] preempted=[]
(EngineCore pid=88) 2026-09-24 03:18:56.800 | INFO     | serving_worker_hook:_execute:229 - [PHASE] execute total=12 new=0 cached=3 spec=3 finished=[] preempted=[]
(EngineCore pid=88) 2026-09-24 03:18:57.189 | INFO     | serving_worker_hook:_execute:229 - [PHASE] execute total=12 new=0 cached=3 spec=3 finished=[] preempted=[]
(EngineCore pid=88) 2026-09-24 03:18:57.568 | INFO     | serving_worker_hook:_execute:229 - [PHASE] execute total=12 new=0 cached=3 spec=3 finished=[] preempted=[]
(EngineCore pid=88) 2026-09-24 03:18:57.950 | INFO     | serving_worker_hook:_execute:229 - [PHASE] execute total=12 new=0 cached=3 spec=3 finished=[] preempted=[]
(EngineCore pid=88) 2026-09-24 03:18:58.321 | INFO     | serving_worker_hook:_execute:229 - [PHASE] execute total=12 new=0 cached=3 spec=3 finished=[] preempted=[]
(EngineCore pid=88) 2026-09-24 03:18:58.698 | INFO     | serving_worker_hook:_execute:229 - [PHASE] execute total=12 new=0 cached=3 spec=3 finished=[] preempted=[]
(EngineCore pid=88) 2026-09-24 03:18:59.081 | INFO     | serving_worker_hook:_execute:229 - [PHASE] execute total=12 new=0 cached=3 spec=3 finished=[] preempted=[]
(EngineCore pid=88) 2026-09-24 03:18:59.452 | INFO     | serving_worker_hook:_execute:229 - [PHASE] execute total=12 new=0 cached=3 spec=3 finished=[] preempted=[]
(EngineCore pid=88) 2026-09-24 03:18:59.835 | INFO     | serving_worker_hook:_execute:229 - [PHASE] execute total=12 new=0 cached=3 spec=3 finished=[] preempted=[]
(EngineCore pid=88) 2026-09-24 03:19:00.212 | INFO     | serving_worker_hook:_execute:229 - [PHASE] execute total=12 new=0 cached=3 spec=3 finished=[] preempted=[]
(EngineCore pid=88) 2026-09-24 03:19:00.582 | INFO     | serving_worker_hook:_execute:229 - [PHASE] execute total=12 new=0 cached=3 spec=3 finished=[] preempted=[]
(EngineCore pid=88) 2026-09-24 03:19:00.949 | INFO     | serving_worker_hook:_execute:229 - [PHASE] execute total=12 new=0 cached=3 spec=3 finished=[] preempted=[]
(EngineCore pid=88) 2026-09-24 03:19:01.327 | INFO     | serving_worker_hook:_execute:229 - [PHASE] execute total=12 new=0 cached=3 spec=3 finished=[] preempted=[]
(EngineCore pid=88) 2026-09-24 03:19:01.715 | INFO     | serving_worker_hook:_execute:229 - [PHASE] execute total=12 new=0 cached=3 spec=3 finished=[] preempted=[]
(EngineCore pid=88) 2026-09-24 03:19:02.084 | INFO     | serving_worker_hook:_execute:229 - [PHASE] execute total=12 new=0 cached=3 spec=3 finished=[] preempted=[]
(EngineCore pid=88) 2026-09-24 03:19:02.437 | INFO     | serving_worker_hook:_execute:229 - [PHASE] execute total=12 new=0 cached=3 spec=3 finished=[] preempted=[]
(EngineCore pid=88) 2026-09-24 03:19:02.818 | INFO     | serving_worker_hook:_execute:229 - [PHASE] execute total=12 new=0 cached=3 spec=3 finished=[] preempted=[]
(EngineCore pid=88) 2026-09-24 03:19:03.186 | INFO     | serving_worker_hook:_execute:229 - [PHASE] execute total=12 new=0 cached=3 spec=3 finished=[] preempted=[]
(EngineCore pid=88) 2026-09-24 03:19:03.556 | INFO     | serving_worker_hook:_execute:229 - [PHASE] execute total=12 new=0 cached=3 spec=3 finished=[] preempted=[]
(EngineCore pid=88) 2026-09-24 03:19:03.944 | INFO     | serving_worker_hook:_execute:229 - [PHASE] execute total=12 new=0 cached=3 spec=3 finished=[] preempted=[]
(EngineCore pid=88) 2026-09-24 03:19:04.330 | INFO     | serving_worker_hook:_execute:229 - [PHASE] execute total=12 new=0 cached=3 spec=3 finished=[] preempted=[]
(EngineCore pid=88) 2026-09-24 03:19:04.706 | INFO     | serving_worker_hook:_execute:229 - [PHASE] execute total=12 new=0 cached=3 spec=3 finished=[] preempted=[]
(APIServer pid=38) INFO 09-24 03:19:04 [metrics.py:120] SpecDecoding metrics: Mean acceptance length: 1.78, Accepted throughput: 6.30 tokens/s, Drafted throughput: 24.30 tokens/s, Accepted: 63 tokens, Drafted: 243 tokens, Per-position acceptance rate: 0.358, 0.235, 0.185, 0.000, 0.000, 0.000, 0.000, 0.000, 0.000, 0.000, 0.000, 0.000, 0.000, 0.000, 0.000, Avg Draft acceptance rate: 25.9%
(EngineCore pid=88) 2026-09-24 03:19:05.068 | INFO     | serving_worker_hook:_execute:229 - [PHASE] execute total=12 new=0 cached=3 spec=3 finished=[] preempted=[]
(EngineCore pid=88) 2026-09-24 03:19:05.422 | INFO     | serving_worker_hook:_execute:229 - [PHASE] execute total=12 new=0 cached=3 spec=3 finished=[] preempted=[]
(EngineCore pid=88) 2026-09-24 03:19:05.782 | INFO     | serving_worker_hook:_execute:229 - [PHASE] execute total=12 new=0 cached=3 spec=3 finished=[] preempted=[]
(EngineCore pid=88) 2026-09-24 03:19:06.160 | INFO     | serving_worker_hook:_execute:229 - [PHASE] execute total=10 new=0 cached=3 spec=3 finished=[] preempted=[]
(EngineCore pid=88) {"stage": "fast_serving_phases", "blocks": [{"position": 131072, "rows": 16, "committed": 9, "draft_ms": 0.07636100053787231, "verify_host_ms": 256.3446993008256, "commit_host_ms": 11.04492973536253, "cycle_ms": 313.65839997306466, "outside_phases_ms": 8.773216977715492, "verifier": {"segments": [3, 2, 1, 0], "staged_buffers": 145, "binding_validation_ms": 2.4896543473005295, "input_ms": 106.35774582624435, "verify_readback_ms": 146.9772169366479, "blocking_trace_host_ms": 140.25976974517107, "replay_checks_sync_ms": 0.6420044228434563, "output_readback_host_ms": 6.075442768633366, "users": 4, "packed": true, "segment": 2}}, {"position": 131081, "rows": 16, "committed": 5, "draft_ms": 0.07404107600450516, "verify_host_ms": 148.99413799867034, "commit_host_ms": 9.097148664295673, "cycle_ms": 434.5339750871062, "outside_phases_ms": 249.3362412787974, "verifier": {"segments": [3, 2, 1, 0], "staged_buffers": 145, "binding_validation_ms": 1.7818892374634743, "input_ms": 4.335213918238878, "verify_readback_ms": 142.50163175165653, "blocking_trace_host_ms": 140.3232798911631, "replay_checks_sync_ms": 1.1411062441766262, "output_readback_host_ms": 1.0372456163167953, "users": 4, "packed": true, "segment": 2}}, {"position": 131086, "rows": 16, "committed": 5, "draft_ms": 0.08093984797596931, "verify_host_ms": 150.73040686547756, "commit_host_ms": 4.971166606992483, "cycle_ms": 261.661137919873, "outside_phases_ms": 79.18885024264455, "verifier": {"segments": [3, 2, 1, 0], "staged_buffers": 145, "binding_validation_ms": 2.2077620960772038, "input_ms": 6.01385161280632, "verify_readback_ms": 142.1023802831769, "blocking_trace_host_ms": 140.30615100637078, "replay_checks_sync_ms": 0.9355153888463974, "output_readback_host_ms": 0.8607138879597187, "users": 4, "packed": true, "segment": 2}}, {"position": 131091, "rows": 16, "committed": 4, "draft_ms": 0.07244106382131577, "verify_host_ms": 149.87893169745803, "commit_host_ms": 9.448451921343803, "cycle_ms": 238.9784762635827, "outside_phases_ms": 55.353420320898294, "verifier": {"segments": [3, 2, 1, 0], "staged_buffers": 145, "binding_validation_ms": 1.979371067136526, "input_ms": 5.80119201913476, "verify_readback_ms": 141.7589676566422, "blocking_trace_host_ms": 140.2458199299872, "replay_checks_sync_ms": 0.7884539663791656, "output_readback_host_ms": 0.7246937602758408, "users": 4, "packed": true, "segment": 2}}, {"position": 131095, "rows": 16, "committed": 5, "draft_ms": 0.0837310217320919, "verify_host_ms": 151.8238326534629, "commit_host_ms": 6.418695207685232, "cycle_ms": 257.4221449904144, "outside_phases_ms": 86.56754810363054, "verifier": {"segments": [3, 2, 1, 0], "staged_buffers": 145, "binding_validation_ms": 1.9121700897812843, "input_ms": 4.380393773317337, "verify_readback_ms": 145.11815691366792, "blocking_trace_host_ms": 140.3340008109808, "replay_checks_sync_ms": 1.0340651497244835, "output_readback_host_ms": 3.750090952962637, "users": 4, "packed": true, "segment": 2}}, {"position": 131100, "rows": 16, "committed": 3, "draft_ms": 0.08834106847643852, "verify_host_ms": 150.13490384444594, "commit_host_ms": 6.329644005745649, "cycle_ms": 300.43187784031034, "outside_phases_ms": 135.5870640836656, "verifier": {"segments": [3, 2, 1, 0], "staged_buffers": 145, "binding_validation_ms": 1.9786711782217026, "input_ms": 5.466319154947996, "verify_readback_ms": 142.2825106419623, "blocking_trace_host_ms": 140.24682017043233, "replay_checks_sync_ms": 0.9709857404232025, "output_readback_host_ms": 1.0647047311067581, "users": 4, "packed": true, "segment": 2}}, {"position": 131103, "rows": 16, "committed": 1, "draft_ms": 0.08876016363501549, "verify_host_ms": 149.00639699772, "commit_host_ms": 4.850096069276333, "cycle_ms": 234.1186790727079, "outside_phases_ms": 59.56811411306262, "verifier": {"segments": [3, 2, 1, 0], "staged_buffers": 145, "binding_validation_ms": 1.9533811137080193, "input_ms": 4.659364931285381, "verify_readback_ms": 142.00998982414603, "blocking_trace_host_ms": 140.22344117984176, "replay_checks_sync_ms": 0.9168637916445732, "output_readback_host_ms": 0.8696848526597023, "users": 4, "packed": true, "segment": 2}}, {"position": 131104, "rows": 16, "committed": 2, "draft_ms": 0.1037311740219593, "verify_host_ms": 149.98328313231468, "commit_host_ms": 7.240659091621637, "cycle_ms": 225.45165196061134, "outside_phases_ms": 60.396176762878895, "verifier": {"segments": [3, 2, 1, 0], "staged_buffers": 145, "binding_validation_ms": 2.062310930341482, "input_ms": 5.265579093247652, "verify_readback_ms": 142.17749098315835, "blocking_trace_host_ms": 140.19655995070934, "replay_checks_sync_ms": 0.975385308265686, "output_readback_host_ms": 1.005545724183321, "users": 4, "packed": true, "segment": 2}}, {"position": 131106, "rows": 16, "committed": 1, "draft_ms": 0.07600057870149612, "verify_host_ms": 166.05353029444814, "commit_host_ms": 5.398639012128115, "cycle_ms": 251.76765397191048, "outside_phases_ms": 74.09926131367683, "verifier": {"segments": [3, 2, 1, 0], "staged_buffers": 145, "binding_validation_ms": 1.9687600433826447, "input_ms": 21.110245026648045, "verify_readback_ms": 142.55019323900342, "blocking_trace_host_ms": 140.28025977313519, "replay_checks_sync_ms": 1.2493873946368694, "output_readback_host_ms": 1.0205460712313652, "users": 4, "packed": true, "segment": 2}}, {"position": 131107, "rows": 16, "committed": 1, "draft_ms": 0.15270989388227463, "verify_host_ms": 181.58521503210068, "commit_host_ms": 6.9820876233279705, "cycle_ms": 260.98539493978024, "outside_phases_ms": 64.35172026976943, "verifier": {"segments": [3, 2, 1, 0], "staged_buffers": 145, "binding_validation_ms": 2.0172307267785072, "input_ms": 36.32490709424019, "verify_readback_ms": 142.71087292581797, "blocking_trace_host_ms": 140.22670965641737, "replay_checks_sync_ms": 1.1688163504004478, "output_readback_host_ms": 1.3153469190001488, "users": 4, "packed": true, "segment": 2}}, {"position": 131108, "rows": 16, "committed": 1, "draft_ms": 0.07658032700419426, "verify_host_ms": 149.6216906234622, "commit_host_ms": 5.386009346693754, "cycle_ms": 250.5071982741356, "outside_phases_ms": 72.05120101571083, "verifier": {"segments": [3, 2, 1, 0], "staged_buffers": 145, "binding_validation_ms": 1.985960640013218, "input_ms": 5.130487028509378, "verify_readback_ms": 142.10937032476068, "blocking_trace_host_ms": 140.23546129465103, "replay_checks_sync_ms": 0.9280648082494736, "output_readback_host_ms": 0.9458442218601704, "users": 4, "packed": true, "segment": 2}}, {"position": 131109, "rows": 16, "committed": 7, "draft_ms": 0.07552001625299454, "verify_host_ms": 149.95713299140334, "commit_host_ms": 16.73226011916995, "cycle_ms": 261.70419808477163, "outside_phases_ms": 65.11999294161797, "verifier": {"segments": [3, 2, 1, 0], "staged_buffers": 145, "binding_validation_ms": 1.951831392943859, "input_ms": 5.16192801296711, "verify_readback_ms": 142.39950058981776, "blocking_trace_host_ms": 140.2647397480905, "replay_checks_sync_ms": 1.0033352300524712, "output_readback_host_ms": 1.1314256116747856, "users": 4, "packed": true, "segment": 2}}, {"position": 131116, "rows": 16, "committed": 1, "draft_ms": 0.08379993960261345, "verify_host_ms": 157.02476119622588, "commit_host_ms": 5.555859766900539, "cycle_ms": 257.94228771701455, "outside_phases_ms": 83.04512081667781, "verifier": {"segments": [3, 2, 1, 0], "staged_buffers": 145, "binding_validation_ms": 2.1586320362985134, "input_ms": 9.310601279139519, "verify_readback_ms": 145.0756057165563, "blocking_trace_host_ms": 140.20799985155463, "replay_checks_sync_ms": 1.1370060965418816, "output_readback_host_ms": 3.730599768459797, "users": 4, "packed": true, "segment": 2}}, {"position": 131117, "rows": 16, "committed": 3, "draft_ms": 0.12921122834086418, "verify_host_ms": 151.4541213400662, "commit_host_ms": 12.455997057259083, "cycle_ms": 275.81672510132194, "outside_phases_ms": 86.43619762733579, "verifier": {"segments": [3, 2, 1, 0], "staged_buffers": 145, "binding_validation_ms": 1.9777710549533367, "input_ms": 3.9430810138583183, "verify_readback_ms": 145.1935670338571, "blocking_trace_host_ms": 140.2713912539184, "replay_checks_sync_ms": 0.8826837874948978, "output_readback_host_ms": 4.0394919924438, "users": 4, "packed": true, "segment": 2}}, {"position": 131120, "rows": 16, "committed": 1, "draft_ms": 0.09331014007329941, "verify_host_ms": 152.4084461852908, "commit_host_ms": 6.226032972335815, "cycle_ms": 260.92586386948824, "outside_phases_ms": 58.0965057015419, "verifier": {"segments": [3, 2, 1, 0], "staged_buffers": 145, "binding_validation_ms": 2.0878221839666367, "input_ms": 4.683124832808971, "verify_readback_ms": 145.12297697365284, "blocking_trace_host_ms": 140.19510988146067, "replay_checks_sync_ms": 1.0867863893508911, "output_readback_host_ms": 3.841080702841282, "users": 4, "packed": true, "segment": 2}}, {"position": 131121, "rows": 16, "committed": 6, "draft_ms": 0.07613096386194229, "verify_host_ms": 148.38836481794715, "commit_host_ms": 5.204507615417242, "cycle_ms": 224.0204638801515, "outside_phases_ms": 52.907456178218126, "verifier": {"segments": [3, 2, 1, 0], "staged_buffers": 145, "binding_validation_ms": 1.9687809981405735, "input_ms": 3.7639709189534187, "verify_readback_ms": 142.26716104894876, "blocking_trace_host_ms": 140.21104015409946, "replay_checks_sync_ms": 1.1009946465492249, "output_readback_host_ms": 0.9551262483000755, "users": 4, "packed": true, "segment": 2}}, {"position": 131127, "rows": 16, "committed": 3, "draft_ms": 0.1275208778679371, "verify_host_ms": 155.1981712691486, "commit_host_ms": 10.220455005764961, "cycle_ms": 251.6394443809986, "outside_phases_ms": 56.9514692761004, "verifier": {"segments": [3, 2, 1, 0], "staged_buffers": 145, "binding_validation_ms": 2.6507549919188023, "input_ms": 7.4041797779500484, "verify_readback_ms": 144.6110443212092, "blocking_trace_host_ms": 140.28437016531825, "replay_checks_sync_ms": 1.697109080851078, "output_readback_host_ms": 2.6295650750398636, "users": 4, "packed": true, "segment": 2}}, {"position": 131130, "rows": 16, "committed": 4, "draft_ms": 0.12060999870300293, "verify_host_ms": 151.1883889324963, "commit_host_ms": 10.010095313191414, "cycle_ms": 236.39826197177172, "outside_phases_ms": 63.24810395017266, "verifier": {"segments": [3, 2, 1, 0], "staged_buffers": 145, "binding_validation_ms": 2.3099929094314575, "input_ms": 5.842690821737051, "verify_readback_ms": 142.49393297359347, "blocking_trace_host_ms": 140.26479981839657, "replay_checks_sync_ms": 1.077017281204462, "output_readback_host_ms": 1.152115873992443, "users": 4, "packed": true, "segment": 2}}, {"position": 131134, "rows": 16, "committed": 6, "draft_ms": 0.07591117173433304, "verify_host_ms": 149.15069798007607, "commit_host_ms": 5.697590298950672, "cycle_ms": 255.28465304523706, "outside_phases_ms": 71.1787948384881, "verifier": {"segments": [3, 2, 1, 0], "staged_buffers": 145, "binding_validation_ms": 1.99456000700593, "input_ms": 4.424154758453369, "verify_readback_ms": 142.32227113097906, "blocking_trace_host_ms": 140.22507006302476, "replay_checks_sync_ms": 0.9670550934970379, "output_readback_host_ms": 1.130145974457264, "users": 4, "packed": true, "segment": 2}}, {"position": 131140, "rows": 16, "committed": 1, "draft_ms": 0.08185999467968941, "verify_host_ms": 150.02824319526553, "commit_host_ms": 6.747057195752859, "cycle_ms": 219.86708184704185, "outside_phases_ms": 54.538956843316555, "verifier": {"segments": [3, 2, 1, 0], "staged_buffers": 145, "binding_validation_ms": 2.131632063537836, "input_ms": 5.054276902228594, "verify_readback_ms": 142.39992201328278, "blocking_trace_host_ms": 140.19226981326938, "replay_checks_sync_ms": 1.0508564300835133, "output_readback_host_ms": 1.1567957699298859, "users": 4, "packed": true, "segment": 2}}, {"position": 131141, "rows": 16, "committed": 2, "draft_ms": 0.2019209787249565, "verify_host_ms": 170.21115217357874, "commit_host_ms": 6.423793733119965, "cycle_ms": 265.41464775800705, "outside_phases_ms": 77.93438294902444, "verifier": {"segments": [3, 2, 1, 0], "staged_buffers": 145, "binding_validation_ms": 2.6922840625047684, "input_ms": 24.458632804453373, "verify_readback_ms": 142.57031306624413, "blocking_trace_host_ms": 140.218960121274, "replay_checks_sync_ms": 1.2286766432225704, "output_readback_host_ms": 1.1226763017475605, "users": 4, "packed": true, "segment": 2}}, {"position": 131143, "rows": 16, "committed": 3, "draft_ms": 0.09419023990631104, "verify_host_ms": 176.9633498042822, "commit_host_ms": 4.940417129546404, "cycle_ms": 266.52870513498783, "outside_phases_ms": 77.73898215964437, "verifier": {"segments": [3, 2, 1, 0], "staged_buffers": 145, "binding_validation_ms": 2.3088129237294197, "input_ms": 31.015597749501467, "verify_readback_ms": 143.19617627188563, "blocking_trace_host_ms": 140.25849988684058, "replay_checks_sync_ms": 1.183606218546629, "output_readback_host_ms": 1.7540701664984226, "users": 4, "packed": true, "segment": 2}}, {"position": 131146, "rows": 16, "committed": 2, "draft_ms": 0.12214994058012962, "verify_host_ms": 159.4007438980043, "commit_host_ms": 5.453430116176605, "cycle_ms": 232.29658929631114, "outside_phases_ms": 56.763118132948875, "verifier": {"segments": [3, 2, 1, 0], "staged_buffers": 145, "binding_validation_ms": 2.032211050391197, "input_ms": 12.909499928355217, "verify_readback_ms": 144.0337309613824, "blocking_trace_host_ms": 140.22776996716857, "replay_checks_sync_ms": 2.6133740320801735, "output_readback_host_ms": 1.192586962133646, "users": 4, "packed": true, "segment": 2}}, {"position": 131148, "rows": 16, "committed": 1, "draft_ms": 0.16776099801063538, "verify_host_ms": 152.90520898997784, "commit_host_ms": 16.62739971652627, "cycle_ms": 331.97890873998404, "outside_phases_ms": 60.90314965695143, "verifier": {"segments": [3, 2, 1, 0], "staged_buffers": 145, "binding_validation_ms": 2.0249513909220695, "input_ms": 5.242457613348961, "verify_readback_ms": 145.23312728852034, "blocking_trace_host_ms": 140.30889002606273, "replay_checks_sync_ms": 1.0838261805474758, "output_readback_host_ms": 3.8404110819101334, "users": 4, "packed": true, "segment": 2}}, {"position": 131149, "rows": 16, "committed": 4, "draft_ms": 0.12721121311187744, "verify_host_ms": 151.00594889372587, "commit_host_ms": 4.660804755985737, "cycle_ms": 231.52750497683883, "outside_phases_ms": 65.57227484881878, "verifier": {"segments": [3, 2, 1, 0], "staged_buffers": 145, "binding_validation_ms": 2.006661146879196, "input_ms": 6.690626032650471, "verify_readback_ms": 141.89918991178274, "blocking_trace_host_ms": 140.28427004814148, "replay_checks_sync_ms": 0.860665924847126, "output_readback_host_ms": 0.754253938794136, "users": 4, "packed": true, "segment": 2}}, {"position": 131153, "rows": 16, "committed": 5, "draft_ms": 0.07670093327760696, "verify_host_ms": 149.62036069482565, "commit_host_ms": 9.16007999330759, "cycle_ms": 253.45005420967937, "outside_phases_ms": 57.94514436274767, "verifier": {"segments": [3, 2, 1, 0], "staged_buffers": 145, "binding_validation_ms": 1.973130740225315, "input_ms": 4.739966243505478, "verify_readback_ms": 142.48586166650057, "blocking_trace_host_ms": 140.24442993104458, "replay_checks_sync_ms": 1.134925987571478, "output_readback_host_ms": 1.106505747884512, "users": 4, "packed": true, "segment": 2}}, {"position": 131158, "rows": 4, "committed": 3, "draft_ms": 0.15472108498215675, "verify_host_ms": 84.40377796068788, "commit_host_ms": 36.495587322860956, "cycle_ms": 324.27559699863195, "outside_phases_ms": 203.22151063010097, "verifier": {"input_ms": 0.5607428029179573, "verify_readback_ms": 76.5317752957344, "binding_validation_ms": 0.30443212017416954, "carry_restore_ms": 6.9747380912303925, "carry_restored": true, "singleton_position_uploads": 4, "blocking_trace_host_ms": 76.2997129932046, "replay_checks_sync_ms": 0.055421143770217896, "output_readback_host_ms": 0.17664115875959396}}, {"position": 131161, "rows": 4, "committed": 1, "draft_ms": 0.09329104796051979, "verify_host_ms": 85.76401509344578, "commit_host_ms": 37.54217270761728, "cycle_ms": 496.792942751199, "outside_phases_ms": 373.3934639021754, "verifier": {"input_ms": 0.6132228299975395, "verify_readback_ms": 77.55863107740879, "binding_validation_ms": 0.3107520751655102, "carry_restore_ms": 7.246389053761959, "carry_restored": true, "singleton_position_uploads": 4, "blocking_trace_host_ms": 76.30187273025513, "replay_checks_sync_ms": 0.9933961555361748, "output_readback_host_ms": 0.26336219161748886}}, {"position": 131162, "rows": 4, "committed": 1, "draft_ms": 0.07469998672604561, "verify_host_ms": 86.12478710711002, "commit_host_ms": 22.799893282353878, "cycle_ms": 446.3364193215966, "outside_phases_ms": 337.3370389454067, "verifier": {"input_ms": 0.5783829838037491, "verify_readback_ms": 77.45717000216246, "binding_validation_ms": 0.3598220646381378, "carry_restore_ms": 7.698801811784506, "carry_restored": true, "singleton_position_uploads": 4, "blocking_trace_host_ms": 76.33524388074875, "replay_checks_sync_ms": 0.9003845043480396, "output_readback_host_ms": 0.2215416170656681}}, {"position": 131163, "rows": 4, "committed": 4, "draft_ms": 2.7486253529787064, "verify_host_ms": 86.38874813914299, "commit_host_ms": 16.785130836069584, "cycle_ms": 468.5792797245085, "outside_phases_ms": 362.65677539631724, "verifier": {"input_ms": 0.6513339467346668, "verify_readback_ms": 77.31154887005687, "binding_validation_ms": 0.4290221258997917, "carry_restore_ms": 7.978622801601887, "carry_restored": true, "singleton_position_uploads": 4, "blocking_trace_host_ms": 76.34126394987106, "replay_checks_sync_ms": 0.8126739412546158, "output_readback_host_ms": 0.15761097893118858}}, {"position": 131167, "rows": 4, "committed": 4, "draft_ms": 2.179472241550684, "verify_host_ms": 86.2334668636322, "commit_host_ms": 19.94468830525875, "cycle_ms": 355.7983082719147, "outside_phases_ms": 247.44068086147308, "verifier": {"input_ms": 0.5294033326208591, "verify_readback_ms": 77.33207894489169, "binding_validation_ms": 0.4251222126185894, "carry_restore_ms": 7.928572595119476, "carry_restored": true, "singleton_position_uploads": 4, "blocking_trace_host_ms": 76.28529379144311, "replay_checks_sync_ms": 0.8719540201127529, "output_readback_host_ms": 0.17483113333582878}}, {"position": 131171, "rows": 4, "committed": 4, "draft_ms": 2.4281232617795467, "verify_host_ms": 87.35953317955136, "commit_host_ms": 21.178464870899916, "cycle_ms": 360.848895739764, "outside_phases_ms": 249.88277442753315, "verifier": {"input_ms": 0.618702732026577, "verify_readback_ms": 77.66985101625323, "binding_validation_ms": 0.4412820562720299, "carry_restore_ms": 8.610276971012354, "carry_restored": true, "singleton_position_uploads": 4, "blocking_trace_host_ms": 76.33766392245889, "replay_checks_sync_ms": 1.093476079404354, "output_readback_host_ms": 0.23871101438999176}}, {"position": 131175, "rows": 4, "committed": 3, "draft_ms": 6.221862975507975, "verify_host_ms": 89.49967520311475, "commit_host_ms": 22.310000844299793, "cycle_ms": 407.22375689074397, "outside_phases_ms": 289.19221786782146, "verifier": {"input_ms": 0.601272564381361, "verify_readback_ms": 78.72301712632179, "binding_validation_ms": 0.48742303624749184, "carry_restore_ms": 9.666072204709053, "carry_restored": true, "singleton_position_uploads": 4, "blocking_trace_host_ms": 76.29332412034273, "replay_checks_sync_ms": 2.0239008590579033, "output_readback_host_ms": 0.40579214692115784}}, {"position": 131178, "rows": 4, "committed": 4, "draft_ms": 2.6329439133405685, "verify_host_ms": 91.02362394332886, "commit_host_ms": 19.99097829684615, "cycle_ms": 380.9699253179133, "outside_phases_ms": 267.3223791643977, "verifier": {"input_ms": 0.6787441670894623, "verify_readback_ms": 77.6331308297813, "binding_validation_ms": 0.5232230760157108, "carry_restore_ms": 12.168895918875933, "carry_restored": true, "singleton_position_uploads": 4, "blocking_trace_host_ms": 76.29728410393, "replay_checks_sync_ms": 1.1116648092865944, "output_readback_host_ms": 0.224181916564703}}, {"position": 131182, "rows": 4, "committed": 2, "draft_ms": 4.644065164029598, "verify_host_ms": 88.5264603421092, "commit_host_ms": 31.27482859417796, "cycle_ms": 393.9718846231699, "outside_phases_ms": 269.52653052285314, "verifier": {"input_ms": 0.5123321898281574, "verify_readback_ms": 78.23060499504209, "binding_validation_ms": 0.54143276065588, "carry_restore_ms": 9.21904994174838, "carry_restored": true, "singleton_position_uploads": 4, "blocking_trace_host_ms": 76.29039417952299, "replay_checks_sync_ms": 1.625168602913618, "output_readback_host_ms": 0.3150422126054764}}, {"position": 131184, "rows": 4, "committed": 2, "draft_ms": 3.843280952423811, "verify_host_ms": 88.55444006621838, "commit_host_ms": 22.862483747303486, "cycle_ms": 388.744967058301, "outside_phases_ms": 273.4847622923553, "verifier": {"input_ms": 0.7337941788136959, "verify_readback_ms": 77.89917197078466, "binding_validation_ms": 0.45899301767349243, "carry_restore_ms": 9.437301196157932, "carry_restored": true, "singleton_position_uploads": 4, "blocking_trace_host_ms": 76.35488407686353, "replay_checks_sync_ms": 1.2685367837548256, "output_readback_host_ms": 0.27575111016631126}}, {"position": 131186, "rows": 4, "committed": 2, "draft_ms": 5.333399400115013, "verify_host_ms": 87.73169526830316, "commit_host_ms": 85.15386190265417, "cycle_ms": 440.1406361721456, "outside_phases_ms": 261.92167960107327, "verifier": {"input_ms": 0.5178633145987988, "verify_readback_ms": 78.36461486294866, "binding_validation_ms": 0.42374199256300926, "carry_restore_ms": 8.408775087445974, "carry_restored": true, "singleton_position_uploads": 4, "blocking_trace_host_ms": 76.33075397461653, "replay_checks_sync_ms": 1.4401976950466633, "output_readback_host_ms": 0.5936631932854652}}, {"position": 131188, "rows": 4, "committed": 4, "draft_ms": 2.361082937568426, "verify_host_ms": 86.71728987246752, "commit_host_ms": 15.527574345469475, "cycle_ms": 353.7911372259259, "outside_phases_ms": 249.1851900704205, "verifier": {"input_ms": 0.5172719247639179, "verify_readback_ms": 77.04929821193218, "binding_validation_ms": 0.5265329964458942, "carry_restore_ms": 8.607967291027308, "carry_restored": true, "singleton_position_uploads": 4, "blocking_trace_host_ms": 76.26674324274063, "replay_checks_sync_ms": 0.6427736952900887, "output_readback_host_ms": 0.13978127390146255}}, {"position": 131192, "rows": 4, "committed": 4, "draft_ms": 2.017380204051733, "verify_host_ms": 86.28863701596856, "commit_host_ms": 16.547129955142736, "cycle_ms": 350.5699196830392, "outside_phases_ms": 245.71677250787616, "verifier": {"input_ms": 0.524492934346199, "verify_readback_ms": 77.00555678457022, "binding_validation_ms": 0.4229317419230938, "carry_restore_ms": 8.322125300765038, "carry_restored": true, "singleton_position_uploads": 4, "blocking_trace_host_ms": 76.32652297616005, "replay_checks_sync_ms": 0.5730041302740574, "output_readback_host_ms": 0.1060296781361103}}, {"position": 131196, "rows": 4, "committed": 4, "draft_ms": 2.178042195737362, "verify_host_ms": 93.292195815593, "commit_host_ms": 21.53515676036477, "cycle_ms": 366.1039648577571, "outside_phases_ms": 249.09857008606195, "verifier": {"input_ms": 0.7129339501261711, "verify_readback_ms": 77.56477128714323, "binding_validation_ms": 0.44268323108553886, "carry_restore_ms": 14.551127795130014, "carry_restored": true, "singleton_position_uploads": 4, "blocking_trace_host_ms": 76.29985362291336, "replay_checks_sync_ms": 1.0013454593718052, "output_readback_host_ms": 0.26357220485806465}}, {"position": 131200, "rows": 4, "committed": 2, "draft_ms": 2.239110879600048, "verify_host_ms": 93.3827762492001, "commit_host_ms": 19.946927670389414, "cycle_ms": 376.2464290484786, "outside_phases_ms": 260.67761424928904, "verifier": {"input_ms": 4.044912289828062, "verify_readback_ms": 77.77021080255508, "binding_validation_ms": 0.5586729384958744, "carry_restore_ms": 10.983848944306374, "carry_restored": true, "singleton_position_uploads": 4, "blocking_trace_host_ms": 76.31569309160113, "replay_checks_sync_ms": 1.192586962133646, "output_readback_host_ms": 0.26193074882030487}}, {"position": 131202, "rows": 4, "committed": 4, "draft_ms": 2.1413322538137436, "verify_host_ms": 88.27807893976569, "commit_host_ms": 27.238026726990938, "cycle_ms": 377.4192649871111, "outside_phases_ms": 259.7618270665407, "verifier": {"input_ms": 0.5608429200947285, "verify_readback_ms": 78.31826526671648, "binding_validation_ms": 0.4454529844224453, "carry_restore_ms": 8.935337886214256, "carry_restored": true, "singleton_position_uploads": 4, "blocking_trace_host_ms": 76.2890437617898, "replay_checks_sync_ms": 1.373017206788063, "output_readback_host_ms": 0.6562042981386185}}, {"position": 131206, "rows": 4, "committed": 4, "draft_ms": 2.6285951025784016, "verify_host_ms": 91.48346493020654, "commit_host_ms": 21.841948851943016, "cycle_ms": 462.8362590447068, "outside_phases_ms": 346.88225015997887, "verifier": {"input_ms": 0.6605526432394981, "verify_readback_ms": 77.71698106080294, "binding_validation_ms": 0.5182218737900257, "carry_restore_ms": 12.564949225634336, "carry_restored": true, "singleton_position_uploads": 4, "blocking_trace_host_ms": 76.28828287124634, "replay_checks_sync_ms": 1.1762273497879505, "output_readback_host_ms": 0.25247083976864815}}, {"position": 131210, "rows": 4, "committed": 4, "draft_ms": 2.4165031500160694, "verify_host_ms": 90.11952858418226, "commit_host_ms": 16.714671161025763, "cycle_ms": 374.65800112113357, "outside_phases_ms": 265.40729822590947, "verifier": {"input_ms": 0.6023426540195942, "verify_readback_ms": 78.78137705847621, "binding_validation_ms": 0.41626300662755966, "carry_restore_ms": 10.30055619776249, "carry_restored": true, "singleton_position_uploads": 4, "blocking_trace_host_ms": 76.30345271900296, "replay_checks_sync_ms": 1.8407506868243217, "output_readback_host_ms": 0.6371736526489258}}, {"position": 131214, "rows": 4, "committed": 4, "draft_ms": 5.558020900934935, "verify_host_ms": 88.9225322753191, "commit_host_ms": 17.9178467951715, "cycle_ms": 374.73374092951417, "outside_phases_ms": 262.33534095808864, "verifier": {"input_ms": 0.5497126840054989, "verify_readback_ms": 77.69665122032166, "binding_validation_ms": 0.4283720627427101, "carry_restore_ms": 10.228725150227547, "carry_restored": true, "singleton_position_uploads": 4, "blocking_trace_host_ms": 76.34693430736661, "replay_checks_sync_ms": 1.1158157140016556, "output_readback_host_ms": 0.23390119895339012}}, {"position": 131218, "rows": 4, "committed": 2, "draft_ms": 2.0017214119434357, "verify_host_ms": 87.72335574030876, "commit_host_ms": 19.880897365510464, "cycle_ms": 369.91193424910307, "outside_phases_ms": 260.3059597313404, "verifier": {"input_ms": 0.5499329417943954, "verify_readback_ms": 77.46199890971184, "binding_validation_ms": 0.42046327143907547, "carry_restore_ms": 9.275979828089476, "carry_restored": true, "singleton_position_uploads": 4, "blocking_trace_host_ms": 76.30738336592913, "replay_checks_sync_ms": 0.9498447179794312, "output_readback_host_ms": 0.20477082580327988}}, {"position": 131220, "rows": 4, "committed": 1, "draft_ms": 1.8939808942377567, "verify_host_ms": 86.42531838268042, "commit_host_ms": 15.844385605305433, "cycle_ms": 390.75729763135314, "outside_phases_ms": 286.59361274912953, "verifier": {"input_ms": 0.5096630193293095, "verify_readback_ms": 77.26082764565945, "binding_validation_ms": 0.4002121277153492, "carry_restore_ms": 8.238315116614103, "carry_restored": true, "singleton_position_uploads": 4, "blocking_trace_host_ms": 76.2944440357387, "replay_checks_sync_ms": 0.8155736140906811, "output_readback_host_ms": 0.15080999583005905}}, {"position": 131221, "rows": 4, "committed": 4, "draft_ms": 2.5565638206899166, "verify_host_ms": 89.47888482362032, "commit_host_ms": 22.66639331355691, "cycle_ms": 369.28323237225413, "outside_phases_ms": 254.581390414387, "verifier": {"input_ms": 0.6419038400053978, "verify_readback_ms": 77.50956993550062, "binding_validation_ms": 0.513352919369936, "carry_restore_ms": 10.79083839431405, "carry_restored": true, "singleton_position_uploads": 4, "blocking_trace_host_ms": 76.280253008008, "replay_checks_sync_ms": 1.003245823085308, "output_readback_host_ms": 0.22607110440731049}}, {"position": 131225, "rows": 4, "committed": 1, "draft_ms": 2.515834290534258, "verify_host_ms": 88.6805597692728, "commit_host_ms": 25.909241288900375, "cycle_ms": 389.0981590375304, "outside_phases_ms": 271.992523688823, "verifier": {"input_ms": 0.5865637212991714, "verify_readback_ms": 77.59331027045846, "binding_validation_ms": 0.4313923418521881, "carry_restore_ms": 10.053183883428574, "carry_restored": true, "singleton_position_uploads": 4, "blocking_trace_host_ms": 76.28916297107935, "replay_checks_sync_ms": 1.1035962961614132, "output_readback_host_ms": 0.20055100321769714}}, {"position": 131226, "rows": 4, "committed": 2, "draft_ms": 2.773564774543047, "verify_host_ms": 91.70974791049957, "commit_host_ms": 20.278028678148985, "cycle_ms": 392.42029562592506, "outside_phases_ms": 277.65895426273346, "verifier": {"input_ms": 0.655854120850563, "verify_readback_ms": 78.4230949357152, "binding_validation_ms": 0.5371137522161007, "carry_restore_ms": 12.073014862835407, "carry_restored": true, "singleton_position_uploads": 4, "blocking_trace_host_ms": 76.3071128167212, "replay_checks_sync_ms": 1.8806001171469688, "output_readback_host_ms": 0.23538200184702873}}, {"position": 131228, "rows": 4, "committed": 2, "draft_ms": 3.486489877104759, "verify_host_ms": 88.26430886983871, "commit_host_ms": 21.633177064359188, "cycle_ms": 368.5412183403969, "outside_phases_ms": 255.15724252909422, "verifier": {"input_ms": 0.5136821419000626, "verify_readback_ms": 77.37717963755131, "binding_validation_ms": 0.4969830624759197, "carry_restore_ms": 9.857564233243465, "carry_restored": true, "singleton_position_uploads": 4, "blocking_trace_host_ms": 76.28642441704869, "replay_checks_sync_ms": 0.8686045184731483, "output_readback_host_ms": 0.22215070202946663}}, {"position": 131230, "rows": 4, "committed": 4, "draft_ms": 3.123616799712181, "verify_host_ms": 88.30936811864376, "commit_host_ms": 22.663793060928583, "cycle_ms": 373.68135480210185, "outside_phases_ms": 259.5845768228173, "verifier": {"input_ms": 0.6956038996577263, "verify_readback_ms": 77.37387903034687, "binding_validation_ms": 0.4166020080447197, "carry_restore_ms": 9.804063010960817, "carry_restored": true, "singleton_position_uploads": 4, "blocking_trace_host_ms": 76.2867541052401, "replay_checks_sync_ms": 0.8670738898217678, "output_readback_host_ms": 0.22005103528499603}}, {"position": 131234, "rows": 4, "committed": 4, "draft_ms": 2.055671066045761, "verify_host_ms": 89.22293409705162, "commit_host_ms": 19.75641679018736, "cycle_ms": 362.6987859606743, "outside_phases_ms": 251.66376400738955, "verifier": {"input_ms": 0.5522631108760834, "verify_readback_ms": 79.70881182700396, "binding_validation_ms": 0.4546232521533966, "carry_restore_ms": 8.481255732476711, "carry_restored": true, "singleton_position_uploads": 4, "blocking_trace_host_ms": 76.29426335915923, "replay_checks_sync_ms": 0.864784698933363, "output_readback_host_ms": 2.5497637689113617}}, {"position": 131238, "rows": 4, "committed": 4, "draft_ms": 2.5386642664670944, "verify_host_ms": 89.51748488470912, "commit_host_ms": 19.6618870832026, "cycle_ms": 371.38801300898194, "outside_phases_ms": 259.66997677460313, "verifier": {"input_ms": 0.5610128864645958, "verify_readback_ms": 78.06044304743409, "binding_validation_ms": 0.5234028212726116, "carry_restore_ms": 10.353765916079283, "carry_restored": true, "singleton_position_uploads": 4, "blocking_trace_host_ms": 76.2608740478754, "replay_checks_sync_ms": 1.5756981447339058, "output_readback_host_ms": 0.22387085482478142}}, {"position": 131242, "rows": 4, "committed": 2, "draft_ms": 6.045463029295206, "verify_host_ms": 87.79959473758936, "commit_host_ms": 29.072678182274103, "cycle_ms": 372.73637019097805, "outside_phases_ms": 249.81863424181938, "verifier": {"input_ms": 0.539952889084816, "verify_readback_ms": 77.40524923428893, "binding_validation_ms": 0.48058200627565384, "carry_restore_ms": 9.34636127203703, "carry_restored": true, "singleton_position_uploads": 4, "blocking_trace_host_ms": 76.28790335729718, "replay_checks_sync_ms": 0.8251946419477463, "output_readback_host_ms": 0.29215123504400253}}, {"position": 131244, "rows": 4, "committed": 4, "draft_ms": 2.53095431253314, "verify_host_ms": 86.89634082838893, "commit_host_ms": 22.14010013267398, "cycle_ms": 363.68316086009145, "outside_phases_ms": 252.1157655864954, "verifier": {"input_ms": 0.5041728727519512, "verify_readback_ms": 77.2083681076765, "binding_validation_ms": 0.4018722102046013, "carry_restore_ms": 8.767387829720974, "carry_restored": true, "singleton_position_uploads": 4, "blocking_trace_host_ms": 76.28798298537731, "replay_checks_sync_ms": 0.7615340873599052, "output_readback_host_ms": 0.1588510349392891}}, {"position": 131248, "rows": 4, "committed": 2, "draft_ms": 4.892946686595678, "verify_host_ms": 86.94095071405172, "commit_host_ms": 20.486091263592243, "cycle_ms": 360.44811410829425, "outside_phases_ms": 248.1281254440546, "verifier": {"input_ms": 0.46544289216399193, "verify_readback_ms": 77.24850904196501, "binding_validation_ms": 0.40437187999486923, "carry_restore_ms": 8.808067068457603, "carry_restored": true, "singleton_position_uploads": 4, "blocking_trace_host_ms": 76.29836397245526, "replay_checks_sync_ms": 0.8155540563166142, "output_readback_host_ms": 0.1345910131931305}}, {"position": 131250, "rows": 4, "committed": 3, "draft_ms": 2.66177486628294, "verify_host_ms": 87.78426516801119, "commit_host_ms": 20.47353098168969, "cycle_ms": 375.3402838483453, "outside_phases_ms": 264.42071283236146, "verifier": {"input_ms": 0.5608829669654369, "verify_readback_ms": 77.85648200660944, "binding_validation_ms": 0.4340820014476776, "carry_restore_ms": 8.911667857319117, "carry_restored": true, "singleton_position_uploads": 4, "blocking_trace_host_ms": 76.2735540047288, "replay_checks_sync_ms": 1.0370751842856407, "output_readback_host_ms": 0.545852817595005}}, {"position": 131253, "rows": 4, "committed": 2, "draft_ms": 4.8935068771243095, "verify_host_ms": 91.06399398297071, "commit_host_ms": 22.068630438297987, "cycle_ms": 389.90618428215384, "outside_phases_ms": 271.88005298376083, "verifier": {"input_ms": 0.5491329357028008, "verify_readback_ms": 77.49733002856374, "binding_validation_ms": 0.4477826878428459, "carry_restore_ms": 12.550858315080404, "carry_restored": true, "singleton_position_uploads": 4, "blocking_trace_host_ms": 76.32206426933408, "replay_checks_sync_ms": 0.8991146460175514, "output_readback_host_ms": 0.2761511132121086}}, {"position": 131255, "rows": 4, "committed": 4, "draft_ms": 3.3458578400313854, "verify_host_ms": 91.68196702376008, "commit_host_ms": 19.69819702208042, "cycle_ms": 387.2976587153971, "outside_phases_ms": 272.57163682952523, "verifier": {"input_ms": 0.9930450469255447, "verify_readback_ms": 78.93592771142721, "binding_validation_ms": 0.5365232937037945, "carry_restore_ms": 11.197491083294153, "carry_restored": true, "singleton_position_uploads": 4, "blocking_trace_host_ms": 76.32689410820603, "replay_checks_sync_ms": 2.159920521080494, "output_readback_host_ms": 0.44911308214068413}}, {"position": 131259, "rows": 4, "committed": 1, "draft_ms": 5.810351576656103, "verify_host_ms": 87.2524231672287, "commit_host_ms": 21.740087773650885, "cycle_ms": 376.46522000432014, "outside_phases_ms": 261.66235748678446, "verifier": {"input_ms": 0.5576126277446747, "verify_readback_ms": 77.25329929962754, "binding_validation_ms": 0.4422832280397415, "carry_restore_ms": 8.984608110040426, "carry_restored": true, "singleton_position_uploads": 4, "blocking_trace_host_ms": 76.29395416006446, "replay_checks_sync_ms": 0.8410150185227394, "output_readback_host_ms": 0.11833012104034424}}, {"position": 131260, "rows": 4, "committed": 2, "draft_ms": 8.466116152703762, "verify_host_ms": 89.3364236690104, "commit_host_ms": 20.27682028710842, "cycle_ms": 383.1704971380532, "outside_phases_ms": 265.0911370292306, "verifier": {"input_ms": 0.6517237052321434, "verify_readback_ms": 78.62836588174105, "binding_validation_ms": 0.45232195407152176, "carry_restore_ms": 9.585622232407331, "carry_restored": true, "singleton_position_uploads": 4, "blocking_trace_host_ms": 76.29106286913157, "replay_checks_sync_ms": 1.7052791081368923, "output_readback_host_ms": 0.6320239044725895}}, {"position": 131262, "rows": 4, "committed": 4, "draft_ms": 2.7020848356187344, "verify_host_ms": 93.4204556979239, "commit_host_ms": 19.16801417246461, "cycle_ms": 373.8748459145427, "outside_phases_ms": 258.58429120853543, "verifier": {"input_ms": 0.6395629607141018, "verify_readback_ms": 77.6282511651516, "binding_validation_ms": 0.587682705372572, "carry_restore_ms": 14.544009231030941, "carry_restored": true, "singleton_position_uploads": 4, "blocking_trace_host_ms": 76.24347321689129, "replay_checks_sync_ms": 1.0944469831883907, "output_readback_host_ms": 0.2903309650719166}}, {"position": 131266, "rows": 4, "committed": 4, "draft_ms": 3.972741309553385, "verify_host_ms": 90.62007069587708, "commit_host_ms": 25.397407356649637, "cycle_ms": 379.91869915276766, "outside_phases_ms": 259.92847979068756, "verifier": {"input_ms": 0.895344652235508, "verify_readback_ms": 77.74957222864032, "binding_validation_ms": 0.4459219053387642, "carry_restore_ms": 11.50875212624669, "carry_restored": true, "singleton_position_uploads": 4, "blocking_trace_host_ms": 76.32080279290676, "replay_checks_sync_ms": 1.195097342133522, "output_readback_host_ms": 0.2336720936000347}}, {"position": 131270, "rows": 4, "committed": 4, "draft_ms": 2.9411460272967815, "verify_host_ms": 88.12543796375394, "commit_host_ms": 22.97170367091894, "cycle_ms": 378.6025117151439, "outside_phases_ms": 264.56422405317426, "verifier": {"input_ms": 0.559353269636631, "verify_readback_ms": 77.79859192669392, "binding_validation_ms": 0.5495031364262104, "carry_restore_ms": 9.195929858833551, "carry_restored": true, "singleton_position_uploads": 4, "blocking_trace_host_ms": 76.30892330780625, "replay_checks_sync_ms": 1.2549962848424911, "output_readback_host_ms": 0.23467233404517174}}, {"position": 131274, "rows": 4, "committed": 4, "draft_ms": 1.8358398228883743, "verify_host_ms": 89.68836674466729, "commit_host_ms": 23.74447835609317, "cycle_ms": 372.49065935611725, "outside_phases_ms": 257.2219744324684, "verifier": {"input_ms": 0.7658037357032299, "verify_readback_ms": 77.48191012069583, "binding_validation_ms": 0.43336302042007446, "carry_restore_ms": 10.98959892988205, "carry_restored": true, "singleton_position_uploads": 4, "blocking_trace_host_ms": 76.28705305978656, "replay_checks_sync_ms": 0.9652660228312016, "output_readback_host_ms": 0.2295910380780697}}, {"position": 131278, "rows": 4, "committed": 2, "draft_ms": 3.0208672396838665, "verify_host_ms": 92.8561226464808, "commit_host_ms": 20.052648149430752, "cycle_ms": 383.8141397573054, "outside_phases_ms": 267.88450172170997, "verifier": {"input_ms": 0.8130450733006, "verify_readback_ms": 77.69689103588462, "binding_validation_ms": 0.4719519056379795, "carry_restore_ms": 13.85230477899313, "carry_restored": true, "singleton_position_uploads": 4, "blocking_trace_host_ms": 76.3069442473352, "replay_checks_sync_ms": 1.1286046355962753, "output_readback_host_ms": 0.2613421529531479}}, {"position": 131280, "rows": 4, "committed": 1, "draft_ms": 8.594356011599302, "verify_host_ms": 88.76056084409356, "commit_host_ms": 15.810856129974127, "cycle_ms": 367.5511730834842, "outside_phases_ms": 254.38540009781718, "verifier": {"input_ms": 1.0586949065327644, "verify_readback_ms": 77.57192105054855, "binding_validation_ms": 0.44425204396247864, "carry_restore_ms": 9.667003061622381, "carry_restored": true, "singleton_position_uploads": 4, "blocking_trace_host_ms": 76.29528408870101, "replay_checks_sync_ms": 1.071276143193245, "output_readback_host_ms": 0.20536081865429878}}, {"position": 131281, "rows": 4, "committed": 1, "draft_ms": 4.818556364625692, "verify_host_ms": 87.90768636390567, "commit_host_ms": 23.98268971592188, "cycle_ms": 377.1333028562367, "outside_phases_ms": 260.42437041178346, "verifier": {"input_ms": 0.6487532518804073, "verify_readback_ms": 77.3382787592709, "binding_validation_ms": 0.4586232826113701, "carry_restore_ms": 9.444810915738344, "carry_restored": true, "singleton_position_uploads": 4, "blocking_trace_host_ms": 76.29796303808689, "replay_checks_sync_ms": 0.853364821523428, "output_readback_host_ms": 0.1869508996605873}}, {"position": 131282, "rows": 4, "committed": 1, "draft_ms": 2.674114890396595, "verify_host_ms": 89.70302576199174, "commit_host_ms": 32.39982621744275, "cycle_ms": 377.8604492545128, "outside_phases_ms": 253.0834823846817, "verifier": {"input_ms": 0.6216829642653465, "verify_readback_ms": 77.53561111167073, "binding_validation_ms": 0.5422327667474747, "carry_restore_ms": 10.977599304169416, "carry_restored": true, "singleton_position_uploads": 4, "blocking_trace_host_ms": 76.30991376936436, "replay_checks_sync_ms": 0.8831052109599113, "output_readback_host_ms": 0.34259213134646416}}, {"position": 131283, "rows": 4, "committed": 2, "draft_ms": 5.245987791568041, "verify_host_ms": 88.90032209455967, "commit_host_ms": 25.33719688653946, "cycle_ms": 369.89468382671475, "outside_phases_ms": 250.41117705404758, "verifier": {"input_ms": 0.6445338949561119, "verify_readback_ms": 77.33209896832705, "binding_validation_ms": 0.45049330219626427, "carry_restore_ms": 10.456775780767202, "carry_restored": true, "singleton_position_uploads": 4, "blocking_trace_host_ms": 76.26671437174082, "replay_checks_sync_ms": 0.9171436540782452, "output_readback_host_ms": 0.14824094250798225}}, {"position": 131285, "rows": 4, "committed": 1, "draft_ms": 3.736250102519989, "verify_host_ms": 88.39306887239218, "commit_host_ms": 20.273889880627394, "cycle_ms": 382.0198308676481, "outside_phases_ms": 269.61662201210856, "verifier": {"input_ms": 0.7046940736472607, "verify_readback_ms": 77.50009978190064, "binding_validation_ms": 0.4596519283950329, "carry_restore_ms": 9.70665318891406, "carry_restored": true, "singleton_position_uploads": 4, "blocking_trace_host_ms": 76.27887325361371, "replay_checks_sync_ms": 0.9900056757032871, "output_readback_host_ms": 0.23122085258364677}}, {"position": 131286, "rows": 4, "committed": 3, "draft_ms": 2.1692709997296333, "verify_host_ms": 86.67920995503664, "commit_host_ms": 16.89943065866828, "cycle_ms": 364.4760949537158, "outside_phases_ms": 258.72818334028125, "verifier": {"input_ms": 0.5412930622696877, "verify_readback_ms": 77.00003730133176, "binding_validation_ms": 0.4330119118094444, "carry_restore_ms": 8.691426832228899, "carry_restored": true, "singleton_position_uploads": 4, "blocking_trace_host_ms": 76.28182275220752, "replay_checks_sync_ms": 0.6025242619216442, "output_readback_host_ms": 0.11569028720259666}}, {"position": 131289, "rows": 4, "committed": 3, "draft_ms": 3.556970041245222, "verify_host_ms": 89.7315270267427, "commit_host_ms": 25.16553597524762, "cycle_ms": 363.9822332188487, "outside_phases_ms": 245.52820017561316, "verifier": {"input_ms": 0.6599631160497665, "verify_readback_ms": 78.11896409839392, "binding_validation_ms": 0.4578130319714546, "carry_restore_ms": 10.471757035702467, "carry_restored": true, "singleton_position_uploads": 4, "blocking_trace_host_ms": 76.30672305822372, "replay_checks_sync_ms": 1.5665390528738499, "output_readback_host_ms": 0.24570198729634285}}, {"position": 131292, "rows": 4, "committed": 1, "draft_ms": 2.971006091684103, "verify_host_ms": 88.01378682255745, "commit_host_ms": 17.185823060572147, "cycle_ms": 371.548674069345, "outside_phases_ms": 263.3780580945313, "verifier": {"input_ms": 0.6076628342270851, "verify_readback_ms": 77.21250923350453, "binding_validation_ms": 0.44454215094447136, "carry_restore_ms": 9.73177282139659, "carry_restored": true, "singleton_position_uploads": 4, "blocking_trace_host_ms": 76.25420298427343, "replay_checks_sync_ms": 0.788345467299223, "output_readback_host_ms": 0.16996078193187714}}, {"position": 131293, "rows": 4, "committed": 4, "draft_ms": 2.2595617920160294, "verify_host_ms": 88.11748772859573, "commit_host_ms": 21.37445518746972, "cycle_ms": 372.0710058696568, "outside_phases_ms": 260.3195011615753, "verifier": {"input_ms": 0.5552629008889198, "verify_readback_ms": 77.44042994454503, "binding_validation_ms": 0.4497719928622246, "carry_restore_ms": 9.653773158788681, "carry_restored": true, "singleton_position_uploads": 4, "blocking_trace_host_ms": 76.29225309938192, "replay_checks_sync_ms": 0.9568161331117153, "output_readback_host_ms": 0.1913607120513916}}, {"position": 131297, "rows": 4, "committed": 4, "draft_ms": 2.8928047977387905, "verify_host_ms": 97.6308393292129, "commit_host_ms": 21.368995774537325, "cycle_ms": 379.61487798020244, "outside_phases_ms": 257.7222380787134, "verifier": {"input_ms": 0.7780641317367554, "verify_readback_ms": 78.55841564014554, "binding_validation_ms": 0.45886216685175896, "carry_restore_ms": 17.81259709969163, "carry_restored": true, "singleton_position_uploads": 4, "blocking_trace_host_ms": 76.33332395926118, "replay_checks_sync_ms": 1.9538607448339462, "output_readback_host_ms": 0.27123093605041504}}, {"position": 131301, "rows": 4, "committed": 4, "draft_ms": 5.341309122741222, "verify_host_ms": 90.21447924897075, "commit_host_ms": 20.951813086867332, "cycle_ms": 380.15642017126083, "outside_phases_ms": 263.64881871268153, "verifier": {"input_ms": 0.7046228274703026, "verify_readback_ms": 77.56994105875492, "binding_validation_ms": 0.6455136463046074, "carry_restore_ms": 11.272031348198652, "carry_restored": true, "singleton_position_uploads": 4, "blocking_trace_host_ms": 76.30189321935177, "replay_checks_sync_ms": 1.014825887978077, "output_readback_host_ms": 0.25322195142507553}}, {"position": 131305, "rows": 4, "committed": 4, "draft_ms": 4.320843145251274, "verify_host_ms": 89.75650696083903, "commit_host_ms": 20.796861965209246, "cycle_ms": 384.8890457302332, "outside_phases_ms": 270.01483365893364, "verifier": {"input_ms": 0.7024742662906647, "verify_readback_ms": 77.56415102630854, "binding_validation_ms": 0.4550130106508732, "carry_restore_ms": 11.015208903700113, "carry_restored": true, "singleton_position_uploads": 4, "blocking_trace_host_ms": 76.34365372359753, "replay_checks_sync_ms": 0.9893951937556267, "output_readback_host_ms": 0.2311021089553833}}, {"position": 131309, "rows": 4, "committed": 4, "draft_ms": 2.5254739448428154, "verify_host_ms": 88.1291781552136, "commit_host_ms": 18.09432776644826, "cycle_ms": 372.2473280504346, "outside_phases_ms": 263.4983481839299, "verifier": {"input_ms": 0.5188831128180027, "verify_readback_ms": 77.32506887987256, "binding_validation_ms": 0.4993029870092869, "carry_restore_ms": 9.767663199454546, "carry_restored": true, "singleton_position_uploads": 4, "blocking_trace_host_ms": 76.3028240762651, "replay_checks_sync_ms": 0.8311839774250984, "output_readback_host_ms": 0.19106082618236542}}, {"position": 131313, "rows": 4, "committed": 4, "draft_ms": 3.8349907845258713, "verify_host_ms": 87.7217659726739, "commit_host_ms": 18.246538005769253, "cycle_ms": 362.1234418824315, "outside_phases_ms": 252.3201471194625, "verifier": {"input_ms": 0.5050334148108959, "verify_readback_ms": 77.24885875359178, "binding_validation_ms": 0.47351280227303505, "carry_restore_ms": 9.476081002503633, "carry_restored": true, "singleton_position_uploads": 4, "blocking_trace_host_ms": 76.27352373674512, "replay_checks_sync_ms": 0.8332938887178898, "output_readback_host_ms": 0.142041128128767}}, {"position": 131317, "rows": 4, "committed": 4, "draft_ms": 2.58584413677454, "verify_host_ms": 87.76023564860225, "commit_host_ms": 19.09761317074299, "cycle_ms": 354.6092822216451, "outside_phases_ms": 245.16558926552534, "verifier": {"input_ms": 0.5079233087599277, "verify_readback_ms": 77.16834777966142, "binding_validation_ms": 0.4785829223692417, "carry_restore_ms": 9.58922179415822, "carry_restored": true, "singleton_position_uploads": 4, "blocking_trace_host_ms": 76.30699407309294, "replay_checks_sync_ms": 0.7212427444756031, "output_readback_host_ms": 0.14011096209287643}}, {"position": 131321, "rows": 4, "committed": 4, "draft_ms": 2.2785221226513386, "verify_host_ms": 92.10703894495964, "commit_host_ms": 20.29208978638053, "cycle_ms": 365.7560427673161, "outside_phases_ms": 251.0783919133246, "verifier": {"input_ms": 0.72520412504673, "verify_readback_ms": 77.69305119290948, "binding_validation_ms": 0.4813317209482193, "carry_restore_ms": 13.188771903514862, "carry_restored": true, "singleton_position_uploads": 4, "blocking_trace_host_ms": 76.27581292763352, "replay_checks_sync_ms": 1.2421570718288422, "output_readback_host_ms": 0.17508119344711304}}, {"position": 131325, "rows": 2, "committed": 2, "draft_ms": 4.856366198509932, "verify_host_ms": 73.04557599127293, "commit_host_ms": 26.105370838195086, "cycle_ms": 365.203439258039, "outside_phases_ms": 261.19612623006105, "verifier": {"input_ms": 0.4683220759034157, "verify_readback_ms": 60.38386793807149, "binding_validation_ms": 0.600873026996851, "carry_restore_ms": 11.572862975299358, "carry_restored": true, "singleton_position_uploads": 2, "blocking_trace_host_ms": 59.932515025138855, "replay_checks_sync_ms": 0.317571684718132, "output_readback_host_ms": 0.13378122821450233}}], "cancelled": false, "finished": true, "timing_scope": "Host wall time, existing blocking boundaries; verifier detail is nested", "added_device_fences": false, "performance_qualified": false}
(EngineCore pid=88) 2026-09-24 03:19:06.514 | INFO     | serving_worker_hook:_execute:229 - [PHASE] execute total=8 new=0 cached=2 spec=2 finished=['cmpl-bc7f6382991a7d53-0-a0fff0f9'] preempted=[]
(EngineCore pid=88) 2026-09-24 03:19:06.771 | INFO     | serving_worker_hook:_execute:229 - [PHASE] execute total=8 new=0 cached=2 spec=2 finished=[] preempted=[]
(EngineCore pid=88) 2026-09-24 03:19:07.014 | INFO     | serving_worker_hook:_execute:229 - [PHASE] execute total=8 new=0 cached=2 spec=2 finished=[] preempted=[]
(EngineCore pid=88) 2026-09-24 03:19:07.262 | INFO     | serving_worker_hook:_execute:229 - [PHASE] execute total=8 new=0 cached=2 spec=2 finished=[] preempted=[]
(EngineCore pid=88) 2026-09-24 03:19:07.497 | INFO     | serving_worker_hook:_execute:229 - [PHASE] execute total=8 new=0 cached=2 spec=2 finished=[] preempted=[]
(EngineCore pid=88) 2026-09-24 03:19:07.736 | INFO     | serving_worker_hook:_execute:229 - [PHASE] execute total=8 new=0 cached=2 spec=2 finished=[] preempted=[]
(EngineCore pid=88) 2026-09-24 03:19:07.977 | INFO     | serving_worker_hook:_execute:229 - [PHASE] execute total=8 new=0 cached=2 spec=2 finished=[] preempted=[]
(EngineCore pid=88) 2026-09-24 03:19:08.220 | INFO     | serving_worker_hook:_execute:229 - [PHASE] execute total=8 new=0 cached=2 spec=2 finished=[] preempted=[]
(EngineCore pid=88) 2026-09-24 03:19:08.459 | INFO     | serving_worker_hook:_execute:229 - [PHASE] execute total=8 new=0 cached=2 spec=2 finished=[] preempted=[]
(EngineCore pid=88) 2026-09-24 03:19:08.696 | INFO     | serving_worker_hook:_execute:229 - [PHASE] execute total=8 new=0 cached=2 spec=2 finished=[] preempted=[]
(EngineCore pid=88) 2026-09-24 03:19:08.926 | INFO     | serving_worker_hook:_execute:229 - [PHASE] execute total=8 new=0 cached=2 spec=2 finished=[] preempted=[]
(EngineCore pid=88) 2026-09-24 03:19:09.159 | INFO     | serving_worker_hook:_execute:229 - [PHASE] execute total=8 new=0 cached=2 spec=2 finished=[] preempted=[]
(EngineCore pid=88) 2026-09-24 03:19:09.402 | INFO     | serving_worker_hook:_execute:229 - [PHASE] execute total=8 new=0 cached=2 spec=2 finished=[] preempted=[]
(EngineCore pid=88) 2026-09-24 03:19:09.639 | INFO     | serving_worker_hook:_execute:229 - [PHASE] execute total=8 new=0 cached=2 spec=2 finished=[] preempted=[]
(EngineCore pid=88) 2026-09-24 03:19:09.883 | INFO     | serving_worker_hook:_execute:229 - [PHASE] execute total=8 new=0 cached=2 spec=2 finished=[] preempted=[]
(EngineCore pid=88) 2026-09-24 03:19:10.129 | INFO     | serving_worker_hook:_execute:229 - [PHASE] execute total=8 new=0 cached=2 spec=2 finished=[] preempted=[]
(EngineCore pid=88) 2026-09-24 03:19:10.369 | INFO     | serving_worker_hook:_execute:229 - [PHASE] execute total=8 new=0 cached=2 spec=2 finished=[] preempted=[]
(EngineCore pid=88) 2026-09-24 03:19:10.611 | INFO     | serving_worker_hook:_execute:229 - [PHASE] execute total=8 new=0 cached=2 spec=2 finished=[] preempted=[]
(EngineCore pid=88) 2026-09-24 03:19:10.854 | INFO     | serving_worker_hook:_execute:229 - [PHASE] execute total=8 new=0 cached=2 spec=2 finished=[] preempted=[]
(EngineCore pid=88) 2026-09-24 03:19:11.096 | INFO     | serving_worker_hook:_execute:229 - [PHASE] execute total=8 new=0 cached=2 spec=2 finished=[] preempted=[]
(EngineCore pid=88) 2026-09-24 03:19:11.343 | INFO     | serving_worker_hook:_execute:229 - [PHASE] execute total=8 new=0 cached=2 spec=2 finished=[] preempted=[]
(EngineCore pid=88) 2026-09-24 03:19:11.583 | INFO     | serving_worker_hook:_execute:229 - [PHASE] execute total=8 new=0 cached=2 spec=2 finished=[] preempted=[]
(EngineCore pid=88) 2026-09-24 03:19:11.832 | INFO     | serving_worker_hook:_execute:229 - [PHASE] execute total=8 new=0 cached=2 spec=2 finished=[] preempted=[]
(EngineCore pid=88) 2026-09-24 03:19:12.075 | INFO     | serving_worker_hook:_execute:229 - [PHASE] execute total=8 new=0 cached=2 spec=2 finished=[] preempted=[]
(EngineCore pid=88) 2026-09-24 03:19:12.314 | INFO     | serving_worker_hook:_execute:229 - [PHASE] execute total=8 new=0 cached=2 spec=2 finished=[] preempted=[]
(EngineCore pid=88) 2026-09-24 03:19:12.560 | INFO     | serving_worker_hook:_execute:229 - [PHASE] execute total=8 new=0 cached=2 spec=2 finished=[] preempted=[]
(EngineCore pid=88) 2026-09-24 03:19:12.821 | INFO     | serving_worker_hook:_execute:229 - [PHASE] execute total=8 new=0 cached=2 spec=2 finished=[] preempted=[]
(EngineCore pid=88) 2026-09-24 03:19:13.054 | INFO     | serving_worker_hook:_execute:229 - [PHASE] execute total=8 new=0 cached=2 spec=2 finished=[] preempted=[]
(EngineCore pid=88) 2026-09-24 03:19:13.306 | INFO     | serving_worker_hook:_execute:229 - [PHASE] execute total=8 new=0 cached=2 spec=2 finished=[] preempted=[]
(EngineCore pid=88) 2026-09-24 03:19:13.547 | INFO     | serving_worker_hook:_execute:229 - [PHASE] execute total=8 new=0 cached=2 spec=2 finished=[] preempted=[]
(EngineCore pid=88) 2026-09-24 03:19:13.789 | INFO     | serving_worker_hook:_execute:229 - [PHASE] execute total=8 new=0 cached=2 spec=2 finished=[] preempted=[]
(EngineCore pid=88) 2026-09-24 03:19:14.038 | INFO     | serving_worker_hook:_execute:229 - [PHASE] execute total=8 new=0 cached=2 spec=2 finished=[] preempted=[]
(EngineCore pid=88) 2026-09-24 03:19:14.286 | INFO     | serving_worker_hook:_execute:229 - [PHASE] execute total=8 new=0 cached=2 spec=2 finished=[] preempted=[]
(EngineCore pid=88) 2026-09-24 03:19:14.528 | INFO     | serving_worker_hook:_execute:229 - [PHASE] execute total=8 new=0 cached=2 spec=2 finished=[] preempted=[]
(EngineCore pid=88) 2026-09-24 03:19:14.774 | INFO     | serving_worker_hook:_execute:229 - [PHASE] execute total=8 new=0 cached=2 spec=2 finished=[] preempted=[]
(APIServer pid=38) INFO 09-24 03:19:14 [metrics.py:120] SpecDecoding metrics: Mean acceptance length: 1.34, Accepted throughput: 2.80 tokens/s, Drafted throughput: 24.70 tokens/s, Accepted: 28 tokens, Drafted: 247 tokens, Per-position acceptance rate: 0.181, 0.108, 0.048, 0.000, 0.000, 0.000, 0.000, 0.000, 0.000, 0.000, 0.000, 0.000, 0.000, 0.000, 0.000, Avg Draft acceptance rate: 11.3%
(EngineCore pid=88) 2026-09-24 03:19:15.030 | INFO     | serving_worker_hook:_execute:229 - [PHASE] execute total=8 new=0 cached=2 spec=2 finished=[] preempted=[]
(EngineCore pid=88) 2026-09-24 03:19:15.261 | INFO     | serving_worker_hook:_execute:229 - [PHASE] execute total=6 new=0 cached=2 spec=2 finished=[] preempted=[]
(EngineCore pid=88) 2026-09-24 03:19:15.498 | INFO     | serving_worker_hook:_execute:229 - [PHASE] execute total=5 new=0 cached=2 spec=1 finished=[] preempted=[]
(EngineCore pid=88) {"stage": "fast_serving_phases", "blocks": [{"position": 131072, "rows": 16, "committed": 5, "draft_ms": 0.11483021080493927, "verify_host_ms": 256.3446993008256, "commit_host_ms": 12.180575635284185, "cycle_ms": 335.9139999374747, "outside_phases_ms": 9.052898734807968, "verifier": {"segments": [3, 2, 1, 0], "staged_buffers": 145, "binding_validation_ms": 2.4896543473005295, "input_ms": 106.35774582624435, "verify_readback_ms": 146.9772169366479, "blocking_trace_host_ms": 140.25976974517107, "replay_checks_sync_ms": 0.6420044228434563, "output_readback_host_ms": 6.075442768633366, "users": 4, "packed": true, "segment": 0}}, {"position": 131077, "rows": 16, "committed": 1, "draft_ms": 0.11472078040242195, "verify_host_ms": 148.99413799867034, "commit_host_ms": 10.208265855908394, "cycle_ms": 440.20389625802636, "outside_phases_ms": 227.35811257734895, "verifier": {"segments": [3, 2, 1, 0], "staged_buffers": 145, "binding_validation_ms": 1.7818892374634743, "input_ms": 4.335213918238878, "verify_readback_ms": 142.50163175165653, "blocking_trace_host_ms": 140.3232798911631, "replay_checks_sync_ms": 1.1411062441766262, "output_readback_host_ms": 1.0372456163167953, "users": 4, "packed": true, "segment": 0}}, {"position": 131078, "rows": 16, "committed": 1, "draft_ms": 0.12338114902377129, "verify_host_ms": 150.73040686547756, "commit_host_ms": 6.266964133828878, "cycle_ms": 247.5651721470058, "outside_phases_ms": 51.53903877362609, "verifier": {"segments": [3, 2, 1, 0], "staged_buffers": 145, "binding_validation_ms": 2.2077620960772038, "input_ms": 6.01385161280632, "verify_readback_ms": 142.1023802831769, "blocking_trace_host_ms": 140.30615100637078, "replay_checks_sync_ms": 0.9355153888463974, "output_readback_host_ms": 0.8607138879597187, "users": 4, "packed": true, "segment": 0}}, {"position": 131079, "rows": 16, "committed": 5, "draft_ms": 0.11580996215343475, "verify_host_ms": 149.87893169745803, "commit_host_ms": 10.606957133859396, "cycle_ms": 244.08536171540618, "outside_phases_ms": 41.79864702746272, "verifier": {"segments": [3, 2, 1, 0], "staged_buffers": 145, "binding_validation_ms": 1.979371067136526, "input_ms": 5.80119201913476, "verify_readback_ms": 141.7589676566422, "blocking_trace_host_ms": 140.2458199299872, "replay_checks_sync_ms": 0.7884539663791656, "output_readback_host_ms": 0.7246937602758408, "users": 4, "packed": true, "segment": 0}}, {"position": 131084, "rows": 16, "committed": 4, "draft_ms": 0.11045113205909729, "verify_host_ms": 151.8238326534629, "commit_host_ms": 27.72192982956767, "cycle_ms": 326.6708911396563, "outside_phases_ms": 67.92253814637661, "verifier": {"segments": [3, 2, 1, 0], "staged_buffers": 145, "binding_validation_ms": 1.9121700897812843, "input_ms": 4.380393773317337, "verify_readback_ms": 145.11815691366792, "blocking_trace_host_ms": 140.3340008109808, "replay_checks_sync_ms": 1.0340651497244835, "output_readback_host_ms": 3.750090952962637, "users": 4, "packed": true, "segment": 0}}, {"position": 131088, "rows": 16, "committed": 4, "draft_ms": 0.1929914578795433, "verify_host_ms": 150.13490384444594, "commit_host_ms": 7.1038780733942986, "cycle_ms": 226.2337259016931, "outside_phases_ms": 47.61537769809365, "verifier": {"segments": [3, 2, 1, 0], "staged_buffers": 145, "binding_validation_ms": 1.9786711782217026, "input_ms": 5.466319154947996, "verify_readback_ms": 142.2825106419623, "blocking_trace_host_ms": 140.24682017043233, "replay_checks_sync_ms": 0.9709857404232025, "output_readback_host_ms": 1.0647047311067581, "users": 4, "packed": true, "segment": 0}}, {"position": 131092, "rows": 16, "committed": 6, "draft_ms": 0.1652301289141178, "verify_host_ms": 149.00639699772, "commit_host_ms": 10.910558979958296, "cycle_ms": 236.6968528367579, "outside_phases_ms": 45.822760090231895, "verifier": {"segments": [3, 2, 1, 0], "staged_buffers": 145, "binding_validation_ms": 1.9533811137080193, "input_ms": 4.659364931285381, "verify_readback_ms": 142.00998982414603, "blocking_trace_host_ms": 140.22344117984176, "replay_checks_sync_ms": 0.9168637916445732, "output_readback_host_ms": 0.8696848526597023, "users": 4, "packed": true, "segment": 0}}, {"position": 131098, "rows": 16, "committed": 1, "draft_ms": 0.18597068265080452, "verify_host_ms": 149.98328313231468, "commit_host_ms": 14.104426838457584, "cycle_ms": 238.84336510673165, "outside_phases_ms": 44.06687943264842, "verifier": {"segments": [3, 2, 1, 0], "staged_buffers": 145, "binding_validation_ms": 2.062310930341482, "input_ms": 5.265579093247652, "verify_readback_ms": 142.17749098315835, "blocking_trace_host_ms": 140.19655995070934, "replay_checks_sync_ms": 0.975385308265686, "output_readback_host_ms": 1.005545724183321, "users": 4, "packed": true, "segment": 0}}, {"position": 131099, "rows": 16, "committed": 2, "draft_ms": 0.17171073704957962, "verify_host_ms": 166.05353029444814, "commit_host_ms": 10.798868257552385, "cycle_ms": 241.62141932174563, "outside_phases_ms": 44.36478018760681, "verifier": {"segments": [3, 2, 1, 0], "staged_buffers": 145, "binding_validation_ms": 1.9687600433826447, "input_ms": 21.110245026648045, "verify_readback_ms": 142.55019323900342, "blocking_trace_host_ms": 140.28025977313519, "replay_checks_sync_ms": 1.2493873946368694, "output_readback_host_ms": 1.0205460712313652, "users": 4, "packed": true, "segment": 0}}, {"position": 131101, "rows": 16, "committed": 2, "draft_ms": 0.11792965233325958, "verify_host_ms": 181.58521503210068, "commit_host_ms": 11.459703091531992, "cycle_ms": 264.05490189790726, "outside_phases_ms": 44.89396419376135, "verifier": {"segments": [3, 2, 1, 0], "staged_buffers": 145, "binding_validation_ms": 2.0172307267785072, "input_ms": 36.32490709424019, "verify_readback_ms": 142.71087292581797, "blocking_trace_host_ms": 140.22670965641737, "replay_checks_sync_ms": 1.1688163504004478, "output_readback_host_ms": 1.3153469190001488, "users": 4, "packed": true, "segment": 0}}, {"position": 131103, "rows": 16, "committed": 5, "draft_ms": 0.1303013414144516, "verify_host_ms": 149.6216906234622, "commit_host_ms": 8.774958085268736, "cycle_ms": 248.66483686491847, "outside_phases_ms": 49.435436725616455, "verifier": {"segments": [3, 2, 1, 0], "staged_buffers": 145, "binding_validation_ms": 1.985960640013218, "input_ms": 5.130487028509378, "verify_readback_ms": 142.10937032476068, "blocking_trace_host_ms": 140.23546129465103, "replay_checks_sync_ms": 0.9280648082494736, "output_readback_host_ms": 0.9458442218601704, "users": 4, "packed": true, "segment": 0}}, {"position": 131108, "rows": 16, "committed": 1, "draft_ms": 0.11191098019480705, "verify_host_ms": 149.95713299140334, "commit_host_ms": 18.259459175169468, "cycle_ms": 276.2501370161772, "outside_phases_ms": 44.363920111209154, "verifier": {"segments": [3, 2, 1, 0], "staged_buffers": 145, "binding_validation_ms": 1.951831392943859, "input_ms": 5.16192801296711, "verify_readback_ms": 142.39950058981776, "blocking_trace_host_ms": 140.2647397480905, "replay_checks_sync_ms": 1.0033352300524712, "output_readback_host_ms": 1.1314256116747856, "users": 4, "packed": true, "segment": 0}}, {"position": 131109, "rows": 16, "committed": 1, "draft_ms": 0.12383004650473595, "verify_host_ms": 157.02476119622588, "commit_host_ms": 6.561164744198322, "cycle_ms": 235.73014792054892, "outside_phases_ms": 47.73946991190314, "verifier": {"segments": [3, 2, 1, 0], "staged_buffers": 145, "binding_validation_ms": 2.1586320362985134, "input_ms": 9.310601279139519, "verify_readback_ms": 145.0756057165563, "blocking_trace_host_ms": 140.20799985155463, "replay_checks_sync_ms": 1.1370060965418816, "output_readback_host_ms": 3.730599768459797, "users": 4, "packed": true, "segment": 0}}, {"position": 131110, "rows": 16, "committed": 2, "draft_ms": 0.10963017120957375, "verify_host_ms": 151.4541213400662, "commit_host_ms": 6.6525558941066265, "cycle_ms": 278.45423901453614, "outside_phases_ms": 73.40229768306017, "verifier": {"segments": [3, 2, 1, 0], "staged_buffers": 145, "binding_validation_ms": 1.9777710549533367, "input_ms": 3.9430810138583183, "verify_readback_ms": 145.1935670338571, "blocking_trace_host_ms": 140.2713912539184, "replay_checks_sync_ms": 0.8826837874948978, "output_readback_host_ms": 4.0394919924438, "users": 4, "packed": true, "segment": 0}}, {"position": 131112, "rows": 16, "committed": 5, "draft_ms": 0.12261979281902313, "verify_host_ms": 152.4084461852908, "commit_host_ms": 6.140472833067179, "cycle_ms": 256.6428310237825, "outside_phases_ms": 42.37620113417506, "verifier": {"segments": [3, 2, 1, 0], "staged_buffers": 145, "binding_validation_ms": 2.0878221839666367, "input_ms": 4.683124832808971, "verify_readback_ms": 145.12297697365284, "blocking_trace_host_ms": 140.19510988146067, "replay_checks_sync_ms": 1.0867863893508911, "output_readback_host_ms": 3.841080702841282, "users": 4, "packed": true, "segment": 0}}, {"position": 131117, "rows": 16, "committed": 2, "draft_ms": 0.10430999100208282, "verify_host_ms": 148.38836481794715, "commit_host_ms": 6.274854298681021, "cycle_ms": 224.26619613543153, "outside_phases_ms": 41.47131508216262, "verifier": {"segments": [3, 2, 1, 0], "staged_buffers": 145, "binding_validation_ms": 1.9687809981405735, "input_ms": 3.7639709189534187, "verify_readback_ms": 142.26716104894876, "blocking_trace_host_ms": 140.21104015409946, "replay_checks_sync_ms": 1.1009946465492249, "output_readback_host_ms": 0.9551262483000755, "users": 4, "packed": true, "segment": 0}}, {"position": 131119, "rows": 16, "committed": 7, "draft_ms": 0.21768081933259964, "verify_host_ms": 155.1981712691486, "commit_host_ms": 9.05171874910593, "cycle_ms": 259.41384583711624, "outside_phases_ms": 45.20761501044035, "verifier": {"segments": [3, 2, 1, 0], "staged_buffers": 145, "binding_validation_ms": 2.6507549919188023, "input_ms": 7.4041797779500484, "verify_readback_ms": 144.6110443212092, "blocking_trace_host_ms": 140.28437016531825, "replay_checks_sync_ms": 1.697109080851078, "output_readback_host_ms": 2.6295650750398636, "users": 4, "packed": true, "segment": 0}}, {"position": 131126, "rows": 16, "committed": 1, "draft_ms": 0.1202709972858429, "verify_host_ms": 151.1883889324963, "commit_host_ms": 12.151965871453285, "cycle_ms": 242.27482313290238, "outside_phases_ms": 43.82034717127681, "verifier": {"segments": [3, 2, 1, 0], "staged_buffers": 145, "binding_validation_ms": 2.3099929094314575, "input_ms": 5.842690821737051, "verify_readback_ms": 142.49393297359347, "blocking_trace_host_ms": 140.26479981839657, "replay_checks_sync_ms": 1.077017281204462, "output_readback_host_ms": 1.152115873992443, "users": 4, "packed": true, "segment": 0}}, {"position": 131127, "rows": 16, "committed": 3, "draft_ms": 0.1181410625576973, "verify_host_ms": 149.15069798007607, "commit_host_ms": 6.200543139129877, "cycle_ms": 241.36359803378582, "outside_phases_ms": 45.831908006221056, "verifier": {"segments": [3, 2, 1, 0], "staged_buffers": 145, "binding_validation_ms": 1.99456000700593, "input_ms": 4.424154758453369, "verify_readback_ms": 142.32227113097906, "blocking_trace_host_ms": 140.22507006302476, "replay_checks_sync_ms": 0.9670550934970379, "output_readback_host_ms": 1.130145974457264, "users": 4, "packed": true, "segment": 0}}, {"position": 131130, "rows": 16, "committed": 5, "draft_ms": 0.1273411326110363, "verify_host_ms": 150.02824319526553, "commit_host_ms": 12.531147804111242, "cycle_ms": 234.12077873945236, "outside_phases_ms": 43.10987377539277, "verifier": {"segments": [3, 2, 1, 0], "staged_buffers": 145, "binding_validation_ms": 2.131632063537836, "input_ms": 5.054276902228594, "verify_readback_ms": 142.39992201328278, "blocking_trace_host_ms": 140.19226981326938, "replay_checks_sync_ms": 1.0508564300835133, "output_readback_host_ms": 1.1567957699298859, "users": 4, "packed": true, "segment": 0}}, {"position": 131135, "rows": 16, "committed": 4, "draft_ms": 0.14676107093691826, "verify_host_ms": 170.21115217357874, "commit_host_ms": 12.440748047083616, "cycle_ms": 265.24763833731413, "outside_phases_ms": 52.35224403440952, "verifier": {"segments": [3, 2, 1, 0], "staged_buffers": 145, "binding_validation_ms": 2.6922840625047684, "input_ms": 24.458632804453373, "verify_readback_ms": 142.57031306624413, "blocking_trace_host_ms": 140.218960121274, "replay_checks_sync_ms": 1.2286766432225704, "output_readback_host_ms": 1.1226763017475605, "users": 4, "packed": true, "segment": 0}}, {"position": 131139, "rows": 16, "committed": 10, "draft_ms": 0.1486111432313919, "verify_host_ms": 176.9633498042822, "commit_host_ms": 6.236772984266281, "cycle_ms": 252.77873873710632, "outside_phases_ms": 52.21427185460925, "verifier": {"segments": [3, 2, 1, 0], "staged_buffers": 145, "binding_validation_ms": 2.3088129237294197, "input_ms": 31.015597749501467, "verify_readback_ms": 143.19617627188563, "blocking_trace_host_ms": 140.25849988684058, "replay_checks_sync_ms": 1.183606218546629, "output_readback_host_ms": 1.7540701664984226, "users": 4, "packed": true, "segment": 0}}, {"position": 131149, "rows": 16, "committed": 7, "draft_ms": 0.23081060498952866, "verify_host_ms": 159.4007438980043, "commit_host_ms": 10.678107850253582, "cycle_ms": 238.78193506971002, "outside_phases_ms": 44.93413446471095, "verifier": {"segments": [3, 2, 1, 0], "staged_buffers": 145, "binding_validation_ms": 2.032211050391197, "input_ms": 12.909499928355217, "verify_readback_ms": 144.0337309613824, "blocking_trace_host_ms": 140.22776996716857, "replay_checks_sync_ms": 2.6133740320801735, "output_readback_host_ms": 1.192586962133646, "users": 4, "packed": true, "segment": 0}}, {"position": 131156, "rows": 16, "committed": 16, "draft_ms": 0.11067977175116539, "verify_host_ms": 152.90520898997784, "commit_host_ms": 8.140383753925562, "cycle_ms": 330.5735308676958, "outside_phases_ms": 42.754562105983496, "verifier": {"segments": [3, 2, 1, 0], "staged_buffers": 145, "binding_validation_ms": 2.0249513909220695, "input_ms": 5.242457613348961, "verify_readback_ms": 145.23312728852034, "blocking_trace_host_ms": 140.30889002606273, "replay_checks_sync_ms": 1.0838261805474758, "output_readback_host_ms": 3.8404110819101334, "users": 4, "packed": true, "segment": 0}}, {"position": 131172, "rows": 16, "committed": 11, "draft_ms": 0.10513095185160637, "verify_host_ms": 151.00594889372587, "commit_host_ms": 6.752606946974993, "cycle_ms": 230.79325212165713, "outside_phases_ms": 48.794064205139875, "verifier": {"segments": [3, 2, 1, 0], "staged_buffers": 145, "binding_validation_ms": 2.006661146879196, "input_ms": 6.690626032650471, "verify_readback_ms": 141.89918991178274, "blocking_trace_host_ms": 140.28427004814148, "replay_checks_sync_ms": 0.860665924847126, "output_readback_host_ms": 0.754253938794136, "users": 4, "packed": true, "segment": 0}}, {"position": 131183, "rows": 16, "committed": 3, "draft_ms": 0.12619094923138618, "verify_host_ms": 149.62036069482565, "commit_host_ms": 7.851341739296913, "cycle_ms": 255.78524498268962, "outside_phases_ms": 41.82961629703641, "verifier": {"segments": [3, 2, 1, 0], "staged_buffers": 145, "binding_validation_ms": 1.973130740225315, "input_ms": 4.739966243505478, "verify_readback_ms": 142.48586166650057, "blocking_trace_host_ms": 140.24442993104458, "replay_checks_sync_ms": 1.134925987571478, "output_readback_host_ms": 1.106505747884512, "users": 4, "packed": true, "segment": 0}}, {"position": 131186, "rows": 4, "committed": 4, "draft_ms": 0.09900005534291267, "verify_host_ms": 84.5621689222753, "commit_host_ms": 21.122673992067575, "cycle_ms": 521.1207051761448, "outside_phases_ms": 415.33686220645905, "verifier": {"input_ms": 0.6586126983165741, "verify_readback_ms": 76.62815600633621, "binding_validation_ms": 0.3163418732583523, "carry_restore_ms": 6.9257281720638275, "carry_restored": true, "singleton_position_uploads": 4, "blocking_trace_host_ms": 76.29821402952075, "replay_checks_sync_ms": 0.08219992741942406, "output_readback_host_ms": 0.24774204939603806}}, {"position": 131190, "rows": 4, "committed": 1, "draft_ms": 0.13455096632242203, "verify_host_ms": 92.44662104174495, "commit_host_ms": 17.747975885868073, "cycle_ms": 500.03835977986455, "outside_phases_ms": 389.7092118859291, "verifier": {"input_ms": 0.7089939899742603, "verify_readback_ms": 77.6189910247922, "binding_validation_ms": 0.3519323654472828, "carry_restore_ms": 13.734614010900259, "carry_restored": true, "singleton_position_uploads": 4, "blocking_trace_host_ms": 76.34960394352674, "replay_checks_sync_ms": 1.056015957146883, "output_readback_host_ms": 0.2133711241185665}}, {"position": 131191, "rows": 4, "committed": 1, "draft_ms": 0.09152106940746307, "verify_host_ms": 86.91672096028924, "commit_host_ms": 19.6839259006083, "cycle_ms": 441.96103513240814, "outside_phases_ms": 335.26886720210314, "verifier": {"input_ms": 0.6900937296450138, "verify_readback_ms": 77.73812115192413, "binding_validation_ms": 0.3700023517012596, "carry_restore_ms": 8.089134003967047, "carry_restored": true, "singleton_position_uploads": 4, "blocking_trace_host_ms": 76.32172387093306, "replay_checks_sync_ms": 1.1455654166638851, "output_readback_host_ms": 0.2708318643271923}}, {"position": 131192, "rows": 4, "committed": 1, "draft_ms": 0.2339421771466732, "verify_host_ms": 87.78772596269846, "commit_host_ms": 16.455519013106823, "cycle_ms": 464.46511801332235, "outside_phases_ms": 359.9879308603704, "verifier": {"input_ms": 0.6037326529622078, "verify_readback_ms": 79.43123113363981, "binding_validation_ms": 0.2874918282032013, "carry_restore_ms": 7.439030334353447, "carry_restored": true, "singleton_position_uploads": 4, "blocking_trace_host_ms": 76.26870274543762, "replay_checks_sync_ms": 2.4613142013549805, "output_readback_host_ms": 0.7012141868472099}}, {"position": 131193, "rows": 4, "committed": 2, "draft_ms": 0.18122093752026558, "verify_host_ms": 85.22887201979756, "commit_host_ms": 21.716058254241943, "cycle_ms": 357.68618900328875, "outside_phases_ms": 250.56003779172897, "verifier": {"input_ms": 0.5664532072842121, "verify_readback_ms": 76.95151679217815, "binding_validation_ms": 0.272942241281271, "carry_restore_ms": 7.413319777697325, "carry_restored": true, "singleton_position_uploads": 4, "blocking_trace_host_ms": 76.2711027637124, "replay_checks_sync_ms": 0.5570328794419765, "output_readback_host_ms": 0.12338114902377129}}, {"position": 131195, "rows": 4, "committed": 1, "draft_ms": 0.18448103219270706, "verify_host_ms": 87.88433577865362, "commit_host_ms": 17.493625171482563, "cycle_ms": 396.7093899846077, "outside_phases_ms": 291.1469480022788, "verifier": {"input_ms": 0.861514825373888, "verify_readback_ms": 77.84912222996354, "binding_validation_ms": 0.5028531886637211, "carry_restore_ms": 8.638245984911919, "carry_restored": true, "singleton_position_uploads": 4, "blocking_trace_host_ms": 76.33704412728548, "replay_checks_sync_ms": 1.2708068825304508, "output_readback_host_ms": 0.2412712201476097}}, {"position": 131196, "rows": 4, "committed": 3, "draft_ms": 0.17779087647795677, "verify_host_ms": 91.9527281075716, "commit_host_ms": 21.34484564885497, "cycle_ms": 387.05599773675203, "outside_phases_ms": 273.5806331038475, "verifier": {"input_ms": 0.6958339363336563, "verify_readback_ms": 77.58908066898584, "binding_validation_ms": 0.3443220630288124, "carry_restore_ms": 13.290651142597198, "carry_restored": true, "singleton_position_uploads": 4, "blocking_trace_host_ms": 76.24634308740497, "replay_checks_sync_ms": 1.066385768353939, "output_readback_host_ms": 0.27635181322693825}}, {"position": 131199, "rows": 4, "committed": 1, "draft_ms": 0.14676013961434364, "verify_host_ms": 98.47058402374387, "commit_host_ms": 22.208849899470806, "cycle_ms": 382.4188420549035, "outside_phases_ms": 261.5926479920745, "verifier": {"input_ms": 8.882549125701189, "verify_readback_ms": 80.12075396254659, "binding_validation_ms": 0.2763420343399048, "carry_restore_ms": 9.155378676950932, "carry_restored": true, "singleton_position_uploads": 4, "blocking_trace_host_ms": 76.32988365367055, "replay_checks_sync_ms": 1.1289753019809723, "output_readback_host_ms": 2.6618950068950653}}, {"position": 131200, "rows": 4, "committed": 2, "draft_ms": 0.17904117703437805, "verify_host_ms": 86.63797983899713, "commit_host_ms": 20.30625008046627, "cycle_ms": 391.5929230861366, "outside_phases_ms": 284.4696519896388, "verifier": {"input_ms": 0.7201442494988441, "verify_readback_ms": 77.42690900340676, "binding_validation_ms": 0.3628418780863285, "carry_restore_ms": 8.096843957901001, "carry_restored": true, "singleton_position_uploads": 4, "blocking_trace_host_ms": 76.24778291210532, "replay_checks_sync_ms": 0.9273947216570377, "output_readback_host_ms": 0.25173136964440346}}, {"position": 131202, "rows": 4, "committed": 1, "draft_ms": 0.1456206664443016, "verify_host_ms": 90.92589328065515, "commit_host_ms": 16.97665173560381, "cycle_ms": 383.0442358739674, "outside_phases_ms": 274.99607019126415, "verifier": {"input_ms": 0.7675839588046074, "verify_readback_ms": 77.81016174703836, "binding_validation_ms": 0.48825284466147423, "carry_restore_ms": 11.825484223663807, "carry_restored": true, "singleton_position_uploads": 4, "blocking_trace_host_ms": 76.3447629287839, "replay_checks_sync_ms": 1.209836918860674, "output_readback_host_ms": 0.2555618993937969}}, {"position": 131203, "rows": 4, "committed": 1, "draft_ms": 0.10944996029138565, "verify_host_ms": 85.13861102983356, "commit_host_ms": 19.313575234264135, "cycle_ms": 427.3683363571763, "outside_phases_ms": 322.8067001327872, "verifier": {"input_ms": 0.5737529136240482, "verify_readback_ms": 76.98201714083552, "binding_validation_ms": 0.2734307199716568, "carry_restore_ms": 7.2783902287483215, "carry_restored": true, "singleton_position_uploads": 4, "blocking_trace_host_ms": 76.28837274387479, "replay_checks_sync_ms": 0.5670334212481976, "output_readback_host_ms": 0.12661097571253777}}, {"position": 131204, "rows": 4, "committed": 3, "draft_ms": 0.11463090777397156, "verify_host_ms": 85.49517393112183, "commit_host_ms": 18.633090890944004, "cycle_ms": 350.89870169758797, "outside_phases_ms": 246.65580596774817, "verifier": {"input_ms": 0.5849129520356655, "verify_readback_ms": 76.93417696282268, "binding_validation_ms": 0.2854210324585438, "carry_restore_ms": 7.666382007300854, "carry_restored": true, "singleton_position_uploads": 4, "blocking_trace_host_ms": 76.24692423269153, "replay_checks_sync_ms": 0.5722818896174431, "output_readback_host_ms": 0.11497084051370621}}, {"position": 131207, "rows": 4, "committed": 2, "draft_ms": 0.1392299309372902, "verify_host_ms": 87.24755188450217, "commit_host_ms": 21.39518689364195, "cycle_ms": 355.2915561012924, "outside_phases_ms": 246.50958739221096, "verifier": {"input_ms": 0.5900231190025806, "verify_readback_ms": 78.65893607959151, "binding_validation_ms": 0.28712116181850433, "carry_restore_ms": 7.648801896721125, "carry_restored": true, "singleton_position_uploads": 4, "blocking_trace_host_ms": 76.29481283947825, "replay_checks_sync_ms": 2.0209611393511295, "output_readback_host_ms": 0.34316210076212883}}, {"position": 131209, "rows": 4, "committed": 3, "draft_ms": 0.18090102821588516, "verify_host_ms": 89.31957371532917, "commit_host_ms": 21.16975514218211, "cycle_ms": 377.92519805952907, "outside_phases_ms": 267.2549681738019, "verifier": {"input_ms": 0.7878248579800129, "verify_readback_ms": 77.55585992708802, "binding_validation_ms": 0.3831619396805763, "carry_restore_ms": 10.557467117905617, "carry_restored": true, "singleton_position_uploads": 4, "blocking_trace_host_ms": 76.27273304387927, "replay_checks_sync_ms": 1.0350961238145828, "output_readback_host_ms": 0.24803075939416885}}, {"position": 131212, "rows": 4, "committed": 1, "draft_ms": 0.22301077842712402, "verify_host_ms": 87.0441016741097, "commit_host_ms": 20.747782196849585, "cycle_ms": 370.9563100710511, "outside_phases_ms": 262.9414154216647, "verifier": {"input_ms": 0.7092743180692196, "verify_readback_ms": 77.46248971670866, "binding_validation_ms": 0.38230232894420624, "carry_restore_ms": 8.458155672997236, "carry_restored": true, "singleton_position_uploads": 4, "blocking_trace_host_ms": 76.29873370751739, "replay_checks_sync_ms": 0.9326953440904617, "output_readback_host_ms": 0.2310606651008129}}, {"position": 131213, "rows": 4, "committed": 1, "draft_ms": 0.17528142780065536, "verify_host_ms": 135.43374463915825, "commit_host_ms": 22.32446102425456, "cycle_ms": 466.63620974868536, "outside_phases_ms": 308.7027226574719, "verifier": {"input_ms": 8.898328058421612, "verify_readback_ms": 77.73794094100595, "binding_validation_ms": 0.342570710927248, "carry_restore_ms": 48.395573161542416, "carry_restored": true, "singleton_position_uploads": 4, "blocking_trace_host_ms": 76.33210392668843, "replay_checks_sync_ms": 1.1475658975541592, "output_readback_host_ms": 0.25827111676335335}}, {"position": 131214, "rows": 4, "committed": 2, "draft_ms": 0.1408010721206665, "verify_host_ms": 88.24466820806265, "commit_host_ms": 18.441290128976107, "cycle_ms": 377.4650553241372, "outside_phases_ms": 270.6382959149778, "verifier": {"input_ms": 0.6564832292497158, "verify_readback_ms": 79.35169991105795, "binding_validation_ms": 0.3918022848665714, "carry_restore_ms": 7.8133526258170605, "carry_restored": true, "singleton_position_uploads": 4, "blocking_trace_host_ms": 76.30216423422098, "replay_checks_sync_ms": 1.413427758961916, "output_readback_host_ms": 1.6361079178750515}}, {"position": 131216, "rows": 4, "committed": 1, "draft_ms": 0.1406208612024784, "verify_host_ms": 87.17498183250427, "commit_host_ms": 24.77613417431712, "cycle_ms": 375.63921604305506, "outside_phases_ms": 263.5474791750312, "verifier": {"input_ms": 0.7014633156359196, "verify_readback_ms": 77.36772997304797, "binding_validation_ms": 0.37087220698595047, "carry_restore_ms": 8.700026664882898, "carry_restored": true, "singleton_position_uploads": 4, "blocking_trace_host_ms": 76.32392412051558, "replay_checks_sync_ms": 0.8313246071338654, "output_readback_host_ms": 0.21248124539852142}}, {"position": 131217, "rows": 4, "committed": 1, "draft_ms": 0.1126001589000225, "verify_host_ms": 88.91403209418058, "commit_host_ms": 23.49213697016239, "cycle_ms": 373.0483818799257, "outside_phases_ms": 260.52961265668273, "verifier": {"input_ms": 0.8917939849197865, "verify_readback_ms": 77.74565229192376, "binding_validation_ms": 0.31804200261831284, "carry_restore_ms": 9.922993835061789, "carry_restored": true, "singleton_position_uploads": 4, "blocking_trace_host_ms": 76.32278418168426, "replay_checks_sync_ms": 1.1496860533952713, "output_readback_host_ms": 0.27318205684423447}}, {"position": 131218, "rows": 4, "committed": 1, "draft_ms": 0.10611116886138916, "verify_host_ms": 97.05841587856412, "commit_host_ms": 44.081208761781454, "cycle_ms": 399.90911772474647, "outside_phases_ms": 258.6633819155395, "verifier": {"input_ms": 7.82757205888629, "verify_readback_ms": 79.0614290162921, "binding_validation_ms": 0.2976111136376858, "carry_restore_ms": 9.844863787293434, "carry_restored": true, "singleton_position_uploads": 4, "blocking_trace_host_ms": 76.29369385540485, "replay_checks_sync_ms": 1.9322102889418602, "output_readback_host_ms": 0.8355248719453812}}, {"position": 131219, "rows": 4, "committed": 2, "draft_ms": 0.13028038665652275, "verify_host_ms": 87.73818612098694, "commit_host_ms": 20.620681811124086, "cycle_ms": 352.40396996960044, "outside_phases_ms": 243.9148216508329, "verifier": {"input_ms": 1.9256314262747765, "verify_readback_ms": 77.52259960398078, "binding_validation_ms": 0.31073205173015594, "carry_restore_ms": 7.950552739202976, "carry_restored": true, "singleton_position_uploads": 4, "blocking_trace_host_ms": 76.31644420325756, "replay_checks_sync_ms": 0.9523844346404076, "output_readback_host_ms": 0.25377096608281136}}, {"position": 131221, "rows": 4, "committed": 1, "draft_ms": 0.1655910164117813, "verify_host_ms": 93.3767668902874, "commit_host_ms": 29.506138991564512, "cycle_ms": 387.7724912017584, "outside_phases_ms": 264.7239943034947, "verifier": {"input_ms": 5.965312011539936, "verify_readback_ms": 77.76029221713543, "binding_validation_ms": 0.3636116161942482, "carry_restore_ms": 9.256191086024046, "carry_restored": true, "singleton_position_uploads": 4, "blocking_trace_host_ms": 76.29579398781061, "replay_checks_sync_ms": 1.2373561039566994, "output_readback_host_ms": 0.2271421253681183}}, {"position": 131222, "rows": 4, "committed": 2, "draft_ms": 0.17871102318167686, "verify_host_ms": 87.00704202055931, "commit_host_ms": 21.202314645051956, "cycle_ms": 390.4913468286395, "outside_phases_ms": 282.10327913984656, "verifier": {"input_ms": 0.6952439434826374, "verify_readback_ms": 77.6080209761858, "binding_validation_ms": 0.27972180396318436, "carry_restore_ms": 8.395915385335684, "carry_restored": true, "singleton_position_uploads": 4, "blocking_trace_host_ms": 76.30181312561035, "replay_checks_sync_ms": 1.094126608222723, "output_readback_host_ms": 0.21208124235272408}}, {"position": 131224, "rows": 4, "committed": 3, "draft_ms": 0.17327070236206055, "verify_host_ms": 89.49798485264182, "commit_host_ms": 18.896762281656265, "cycle_ms": 376.43614038825035, "outside_phases_ms": 267.8681225515902, "verifier": {"input_ms": 0.8290247060358524, "verify_readback_ms": 77.82001188024879, "binding_validation_ms": 0.3295917995274067, "carry_restore_ms": 10.489796288311481, "carry_restored": true, "singleton_position_uploads": 4, "blocking_trace_host_ms": 76.27699337899685, "replay_checks_sync_ms": 1.3028564862906933, "output_readback_host_ms": 0.24016201496124268}}, {"position": 131227, "rows": 4, "committed": 1, "draft_ms": 0.11504115536808968, "verify_host_ms": 86.62533899769187, "commit_host_ms": 22.389112040400505, "cycle_ms": 372.0472468994558, "outside_phases_ms": 262.9177547059953, "verifier": {"input_ms": 0.7013138383626938, "verify_readback_ms": 77.35719904303551, "binding_validation_ms": 0.3055906854569912, "carry_restore_ms": 8.23116535320878, "carry_restored": true, "singleton_position_uploads": 4, "blocking_trace_host_ms": 76.32988411933184, "replay_checks_sync_ms": 0.8131540380418301, "output_readback_host_ms": 0.21416088566184044}}, {"position": 131228, "rows": 4, "committed": 1, "draft_ms": 0.17215078696608543, "verify_host_ms": 86.84680005535483, "commit_host_ms": 19.738417118787766, "cycle_ms": 368.437176104635, "outside_phases_ms": 261.6798081435263, "verifier": {"input_ms": 0.6763031706213951, "verify_readback_ms": 77.46616005897522, "binding_validation_ms": 0.3288821317255497, "carry_restore_ms": 8.340274915099144, "carry_restored": true, "singleton_position_uploads": 4, "blocking_trace_host_ms": 76.31414383649826, "replay_checks_sync_ms": 0.8859448134899139, "output_readback_host_ms": 0.2660714089870453}}, {"position": 131229, "rows": 4, "committed": 1, "draft_ms": 0.17471099272370338, "verify_host_ms": 90.21720895543694, "commit_host_ms": 19.818707834929228, "cycle_ms": 368.6849786899984, "outside_phases_ms": 258.4743509069085, "verifier": {"input_ms": 0.7749837823212147, "verify_readback_ms": 77.53991987556219, "binding_validation_ms": 0.5286028608679771, "carry_restore_ms": 11.34236203506589, "carry_restored": true, "singleton_position_uploads": 4, "blocking_trace_host_ms": 76.34695386514068, "replay_checks_sync_ms": 0.9532053954899311, "output_readback_host_ms": 0.2397606149315834}}, {"position": 131230, "rows": 4, "committed": 1, "draft_ms": 0.2160416916012764, "verify_host_ms": 86.83161996304989, "commit_host_ms": 17.55094574764371, "cycle_ms": 362.56733490154147, "outside_phases_ms": 257.9687274992466, "verifier": {"input_ms": 0.6116037257015705, "verify_readback_ms": 77.47928937897086, "binding_validation_ms": 0.2721422351896763, "carry_restore_ms": 8.439174853265285, "carry_restored": true, "singleton_position_uploads": 4, "blocking_trace_host_ms": 76.3516640290618, "replay_checks_sync_ms": 0.8872039616107941, "output_readback_host_ms": 0.2404213882982731}}, {"position": 131231, "rows": 4, "committed": 1, "draft_ms": 0.1286407932639122, "verify_host_ms": 88.23246927931905, "commit_host_ms": 18.850411754101515, "cycle_ms": 376.5702610835433, "outside_phases_ms": 269.3587392568588, "verifier": {"input_ms": 0.790053978562355, "verify_readback_ms": 77.54593016579747, "binding_validation_ms": 0.5518528632819653, "carry_restore_ms": 9.309560060501099, "carry_restored": true, "singleton_position_uploads": 4, "blocking_trace_host_ms": 76.35369384661317, "replay_checks_sync_ms": 0.9523052722215652, "output_readback_host_ms": 0.23993104696273804}}, {"position": 131232, "rows": 4, "committed": 1, "draft_ms": 0.12321118265390396, "verify_host_ms": 85.9364247880876, "commit_host_ms": 17.949458211660385, "cycle_ms": 357.94113017618656, "outside_phases_ms": 253.93203599378467, "verifier": {"input_ms": 0.5348618142306805, "verify_readback_ms": 77.12925784289837, "binding_validation_ms": 0.2588508650660515, "carry_restore_ms": 7.984604220837355, "carry_restored": true, "singleton_position_uploads": 4, "blocking_trace_host_ms": 76.30702294409275, "replay_checks_sync_ms": 0.6250841543078423, "output_readback_host_ms": 0.19715074449777603}}, {"position": 131233, "rows": 4, "committed": 1, "draft_ms": 0.13667112216353416, "verify_host_ms": 92.77410339564085, "commit_host_ms": 19.339593593031168, "cycle_ms": 374.6830397285521, "outside_phases_ms": 262.43267161771655, "verifier": {"input_ms": 4.099661950021982, "verify_readback_ms": 78.68280727416277, "binding_validation_ms": 0.27081090956926346, "carry_restore_ms": 9.689162950962782, "carry_restored": true, "singleton_position_uploads": 4, "blocking_trace_host_ms": 76.3463038019836, "replay_checks_sync_ms": 2.0181010477244854, "output_readback_host_ms": 0.318402424454689}}, {"position": 131234, "rows": 4, "committed": 3, "draft_ms": 0.13266131281852722, "verify_host_ms": 92.46025094762444, "commit_host_ms": 19.650557078421116, "cycle_ms": 380.8429352939129, "outside_phases_ms": 268.5994659550488, "verifier": {"input_ms": 0.7282639853656292, "verify_readback_ms": 77.4615597911179, "binding_validation_ms": 0.3926018252968788, "carry_restore_ms": 13.847885187715292, "carry_restored": true, "singleton_position_uploads": 4, "blocking_trace_host_ms": 76.29838399589062, "replay_checks_sync_ms": 0.9155948646366596, "output_readback_host_ms": 0.24758093059062958}}, {"position": 131237, "rows": 4, "committed": 1, "draft_ms": 0.1944410614669323, "verify_host_ms": 92.02998876571655, "commit_host_ms": 21.589637268334627, "cycle_ms": 388.8912871479988, "outside_phases_ms": 275.0772200524807, "verifier": {"input_ms": 1.840020064264536, "verify_readback_ms": 77.33176881447434, "binding_validation_ms": 0.41677244007587433, "carry_restore_ms": 12.4078169465065, "carry_restored": true, "singleton_position_uploads": 4, "blocking_trace_host_ms": 76.32000278681517, "replay_checks_sync_ms": 0.7848050445318222, "output_readback_host_ms": 0.22696098312735558}}, {"position": 131238, "rows": 4, "committed": 1, "draft_ms": 0.17700111493468285, "verify_host_ms": 89.21919390559196, "commit_host_ms": 20.392159931361675, "cycle_ms": 376.9718026742339, "outside_phases_ms": 267.1834477223456, "verifier": {"input_ms": 0.8055241778492928, "verify_readback_ms": 77.58718077093363, "binding_validation_ms": 0.3669220022857189, "carry_restore_ms": 10.425827000290155, "carry_restored": true, "singleton_position_uploads": 4, "blocking_trace_host_ms": 76.31982397288084, "replay_checks_sync_ms": 1.012096181511879, "output_readback_host_ms": 0.2552606165409088}}, {"position": 131239, "rows": 4, "committed": 1, "draft_ms": 0.18561072647571564, "verify_host_ms": 86.76906023174524, "commit_host_ms": 25.96508013084531, "cycle_ms": 384.3198432587087, "outside_phases_ms": 271.40009216964245, "verifier": {"input_ms": 0.7146238349378109, "verify_readback_ms": 77.46595004573464, "binding_validation_ms": 0.3067809157073498, "carry_restore_ms": 8.247375022619963, "carry_restored": true, "singleton_position_uploads": 4, "blocking_trace_host_ms": 76.27813378348947, "replay_checks_sync_ms": 0.9324452839791775, "output_readback_host_ms": 0.25537097826600075}}, {"position": 131240, "rows": 4, "committed": 1, "draft_ms": 0.12387102469801903, "verify_host_ms": 87.18576189130545, "commit_host_ms": 18.346640281379223, "cycle_ms": 375.67253690212965, "outside_phases_ms": 270.01626370474696, "verifier": {"input_ms": 0.6538438610732555, "verify_readback_ms": 77.22747838124633, "binding_validation_ms": 0.48078177496790886, "carry_restore_ms": 8.795448113232851, "carry_restored": true, "singleton_position_uploads": 4, "blocking_trace_host_ms": 76.2708829715848, "replay_checks_sync_ms": 0.7876739837229252, "output_readback_host_ms": 0.16892142593860626}}, {"position": 131241, "rows": 4, "committed": 1, "draft_ms": 0.20223064348101616, "verify_host_ms": 89.8395967669785, "commit_host_ms": 21.348086185753345, "cycle_ms": 377.0360630005598, "outside_phases_ms": 265.64614940434694, "verifier": {"input_ms": 0.7781037129461765, "verify_readback_ms": 77.4957099929452, "binding_validation_ms": 0.38259290158748627, "carry_restore_ms": 11.150860227644444, "carry_restored": true, "singleton_position_uploads": 4, "blocking_trace_host_ms": 76.32133411243558, "replay_checks_sync_ms": 0.9390451014041901, "output_readback_host_ms": 0.23533077910542488}}, {"position": 131242, "rows": 4, "committed": 1, "draft_ms": 0.1414809376001358, "verify_host_ms": 95.2010159380734, "commit_host_ms": 21.194455213844776, "cycle_ms": 384.8325861617923, "outside_phases_ms": 268.29563407227397, "verifier": {"input_ms": 8.940129075199366, "verify_readback_ms": 77.52004964277148, "binding_validation_ms": 0.30750222504138947, "carry_restore_ms": 8.402245119214058, "carry_restored": true, "singleton_position_uploads": 4, "blocking_trace_host_ms": 76.2746431864798, "replay_checks_sync_ms": 0.9679747745394707, "output_readback_host_ms": 0.2774316817522049}}, {"position": 131243, "rows": 4, "committed": 1, "draft_ms": 0.1368001103401184, "verify_host_ms": 88.21411803364754, "commit_host_ms": 22.54293207079172, "cycle_ms": 373.9066459238529, "outside_phases_ms": 263.01279570907354, "verifier": {"input_ms": 0.7151840254664421, "verify_readback_ms": 78.67424609139562, "binding_validation_ms": 0.37309201434254646, "carry_restore_ms": 8.419565856456757, "carry_restored": true, "singleton_position_uploads": 4, "blocking_trace_host_ms": 76.29718305543065, "replay_checks_sync_ms": 1.9127908162772655, "output_readback_host_ms": 0.46427221968770027}}, {"position": 131244, "rows": 4, "committed": 1, "draft_ms": 0.10378984734416008, "verify_host_ms": 89.46977509185672, "commit_host_ms": 24.38455307856202, "cycle_ms": 379.1840258054435, "outside_phases_ms": 265.2259077876806, "verifier": {"input_ms": 0.7994538173079491, "verify_readback_ms": 77.69006118178368, "binding_validation_ms": 0.3544720821082592, "carry_restore_ms": 10.593716986477375, "carry_restored": true, "singleton_position_uploads": 4, "blocking_trace_host_ms": 76.30877289921045, "replay_checks_sync_ms": 1.2106671929359436, "output_readback_host_ms": 0.1706210896372795}}, {"position": 131245, "rows": 4, "committed": 2, "draft_ms": 0.14149118214845657, "verify_host_ms": 86.488779168576, "commit_host_ms": 18.724102061241865, "cycle_ms": 372.71344009786844, "outside_phases_ms": 267.3590676859021, "verifier": {"input_ms": 0.7029944099485874, "verify_readback_ms": 77.42677861824632, "binding_validation_ms": 0.2921619452536106, "carry_restore_ms": 8.036783896386623, "carry_restored": true, "singleton_position_uploads": 4, "blocking_trace_host_ms": 76.31743373349309, "replay_checks_sync_ms": 0.8664838969707489, "output_readback_host_ms": 0.24286098778247833}}, {"position": 131247, "rows": 4, "committed": 4, "draft_ms": 0.12430967763066292, "verify_host_ms": 85.21297201514244, "commit_host_ms": 27.888651005923748, "cycle_ms": 365.5763608403504, "outside_phases_ms": 252.35042814165354, "verifier": {"input_ms": 0.5541429854929447, "verify_readback_ms": 77.04523764550686, "binding_validation_ms": 0.26223063468933105, "carry_restore_ms": 7.325810380280018, "carry_restored": true, "singleton_position_uploads": 4, "blocking_trace_host_ms": 76.27293281257153, "replay_checks_sync_ms": 0.6276541389524937, "output_readback_host_ms": 0.14465069398283958}}, {"position": 131251, "rows": 4, "committed": 2, "draft_ms": 0.11286092922091484, "verify_host_ms": 86.05593722313643, "commit_host_ms": 23.555046878755093, "cycle_ms": 376.98199320584536, "outside_phases_ms": 267.2581481747329, "verifier": {"input_ms": 0.6419629789888859, "verify_readback_ms": 77.22099917009473, "binding_validation_ms": 0.44650305062532425, "carry_restore_ms": 7.713851984590292, "carry_restored": true, "singleton_position_uploads": 4, "blocking_trace_host_ms": 76.31253404542804, "replay_checks_sync_ms": 0.7262742146849632, "output_readback_host_ms": 0.1821909099817276}}, {"position": 131253, "rows": 4, "committed": 1, "draft_ms": 0.12340117245912552, "verify_host_ms": 86.08343685045838, "commit_host_ms": 19.80400737375021, "cycle_ms": 372.28394811972976, "outside_phases_ms": 266.27310272306204, "verifier": {"input_ms": 0.5715629085898399, "verify_readback_ms": 77.17897929251194, "binding_validation_ms": 0.2438211813569069, "carry_restore_ms": 8.062623906880617, "carry_restored": true, "singleton_position_uploads": 4, "blocking_trace_host_ms": 76.28292310982943, "replay_checks_sync_ms": 0.719625037163496, "output_readback_host_ms": 0.17643114551901817}}, {"position": 131254, "rows": 4, "committed": 2, "draft_ms": 0.09917095303535461, "verify_host_ms": 90.59484163299203, "commit_host_ms": 21.978699136525393, "cycle_ms": 389.2507296986878, "outside_phases_ms": 276.578017976135, "verifier": {"input_ms": 0.8503939025104046, "verify_readback_ms": 77.56608119234443, "binding_validation_ms": 0.3031310625374317, "carry_restore_ms": 11.846065055578947, "carry_restored": true, "singleton_position_uploads": 4, "blocking_trace_host_ms": 76.32400374859571, "replay_checks_sync_ms": 0.9946553036570549, "output_readback_host_ms": 0.24742214009165764}}, {"position": 131256, "rows": 4, "committed": 1, "draft_ms": 0.1536100171506405, "verify_host_ms": 86.91766113042831, "commit_host_ms": 22.605382837355137, "cycle_ms": 373.93888691440225, "outside_phases_ms": 264.26223292946815, "verifier": {"input_ms": 0.6946036592125893, "verify_readback_ms": 77.30490900576115, "binding_validation_ms": 0.3416319377720356, "carry_restore_ms": 8.546966128051281, "carry_restored": true, "singleton_position_uploads": 4, "blocking_trace_host_ms": 76.283092610538, "replay_checks_sync_ms": 0.810425728559494, "output_readback_host_ms": 0.2113906666636467}}, {"position": 131257, "rows": 4, "committed": 4, "draft_ms": 0.15099067240953445, "verify_host_ms": 85.58877371251583, "commit_host_ms": 16.043587122112513, "cycle_ms": 351.8535071052611, "outside_phases_ms": 250.0701555982232, "verifier": {"input_ms": 0.5815629847347736, "verify_readback_ms": 77.18444894999266, "binding_validation_ms": 0.30538206920027733, "carry_restore_ms": 7.491610012948513, "carry_restored": true, "singleton_position_uploads": 4, "blocking_trace_host_ms": 76.28036290407181, "replay_checks_sync_ms": 0.7370752282440662, "output_readback_host_ms": 0.1670108176767826}}, {"position": 131261, "rows": 4, "committed": 1, "draft_ms": 0.2940818667411804, "verify_host_ms": 87.6867650076747, "commit_host_ms": 23.136936128139496, "cycle_ms": 379.5719272457063, "outside_phases_ms": 268.45414424315095, "verifier": {"input_ms": 0.7473439909517765, "verify_readback_ms": 77.5679498910904, "binding_validation_ms": 0.42617181316018105, "carry_restore_ms": 8.914039004594088, "carry_restored": true, "singleton_position_uploads": 4, "blocking_trace_host_ms": 76.33040426298976, "replay_checks_sync_ms": 0.99155493080616, "output_readback_host_ms": 0.24599069729447365}}, {"position": 131262, "rows": 4, "committed": 1, "draft_ms": 0.20239129662513733, "verify_host_ms": 88.40950904414058, "commit_host_ms": 21.60511678084731, "cycle_ms": 370.5824976786971, "outside_phases_ms": 260.3654805570841, "verifier": {"input_ms": 0.730323139578104, "verify_readback_ms": 77.57774088531733, "binding_validation_ms": 0.41711190715432167, "carry_restore_ms": 9.653092827647924, "carry_restored": true, "singleton_position_uploads": 4, "blocking_trace_host_ms": 76.34692406281829, "replay_checks_sync_ms": 1.0469360277056694, "output_readback_host_ms": 0.18388079479336739}}, {"position": 131263, "rows": 4, "committed": 1, "draft_ms": 0.1286100596189499, "verify_host_ms": 86.99389081448317, "commit_host_ms": 25.016026105731726, "cycle_ms": 367.80464416369796, "outside_phases_ms": 255.66611718386412, "verifier": {"input_ms": 0.7584849372506142, "verify_readback_ms": 77.40728883072734, "binding_validation_ms": 0.31872233375906944, "carry_restore_ms": 8.476914837956429, "carry_restored": true, "singleton_position_uploads": 4, "blocking_trace_host_ms": 76.32852392271161, "replay_checks_sync_ms": 0.8297143504023552, "output_readback_host_ms": 0.2490505576133728}}, {"position": 131264, "rows": 4, "committed": 1, "draft_ms": 0.19590137526392937, "verify_host_ms": 87.89940597489476, "commit_host_ms": 23.783999029546976, "cycle_ms": 382.16133089736104, "outside_phases_ms": 270.2820245176554, "verifier": {"input_ms": 0.7414543069899082, "verify_readback_ms": 77.77885207906365, "binding_validation_ms": 0.4772930406033993, "carry_restore_ms": 8.868556935340166, "carry_restored": true, "singleton_position_uploads": 4, "blocking_trace_host_ms": 76.36349275708199, "replay_checks_sync_ms": 1.1666882783174515, "output_readback_host_ms": 0.248671043664217}}, {"position": 131265, "rows": 4, "committed": 1, "draft_ms": 0.23405207321047783, "verify_host_ms": 93.34037639200687, "commit_host_ms": 21.48238569498062, "cycle_ms": 390.8764380030334, "outside_phases_ms": 275.8196238428354, "verifier": {"input_ms": 0.9034252725541592, "verify_readback_ms": 77.56293006241322, "binding_validation_ms": 0.5008229054510593, "carry_restore_ms": 14.336297754198313, "carry_restored": true, "singleton_position_uploads": 4, "blocking_trace_host_ms": 76.31036406382918, "replay_checks_sync_ms": 1.0133846662938595, "output_readback_host_ms": 0.23918133229017258}}, {"position": 131266, "rows": 4, "committed": 1, "draft_ms": 0.18480094149708748, "verify_host_ms": 86.63700008764863, "commit_host_ms": 25.156896095722914, "cycle_ms": 379.08164504915476, "outside_phases_ms": 267.1029479242861, "verifier": {"input_ms": 0.6661438383162022, "verify_readback_ms": 77.44851987808943, "binding_validation_ms": 0.32978225499391556, "carry_restore_ms": 8.160233963280916, "carry_restored": true, "singleton_position_uploads": 4, "blocking_trace_host_ms": 76.31103275343776, "replay_checks_sync_ms": 0.8933753706514835, "output_readback_host_ms": 0.24411175400018692}}, {"position": 131267, "rows": 4, "committed": 1, "draft_ms": 0.1192600466310978, "verify_host_ms": 88.65643991157413, "commit_host_ms": 17.03749317675829, "cycle_ms": 360.6364051811397, "outside_phases_ms": 254.8232120461762, "verifier": {"input_ms": 0.5837338976562023, "verify_readback_ms": 77.06588692963123, "binding_validation_ms": 0.32242201268672943, "carry_restore_ms": 10.658126790076494, "carry_restored": true, "singleton_position_uploads": 4, "blocking_trace_host_ms": 76.26366289332509, "replay_checks_sync_ms": 0.6576133891940117, "output_readback_host_ms": 0.14461064711213112}}, {"position": 131268, "rows": 4, "committed": 1, "draft_ms": 0.09585078805685043, "verify_host_ms": 86.18709677830338, "commit_host_ms": 17.652996350079775, "cycle_ms": 355.900838971138, "outside_phases_ms": 251.964895054698, "verifier": {"input_ms": 0.5373121239244938, "verify_readback_ms": 77.36261002719402, "binding_validation_ms": 0.23671099916100502, "carry_restore_ms": 8.02203407511115, "carry_restored": true, "singleton_position_uploads": 4, "blocking_trace_host_ms": 76.2743940576911, "replay_checks_sync_ms": 0.8739950135350227, "output_readback_host_ms": 0.21422095596790314}}, {"position": 131269, "rows": 4, "committed": 1, "draft_ms": 0.11190073564648628, "verify_host_ms": 90.8137820661068, "commit_host_ms": 17.58196484297514, "cycle_ms": 361.03561567142606, "outside_phases_ms": 252.52796802669764, "verifier": {"input_ms": 0.8873059414327145, "verify_readback_ms": 77.45008915662766, "binding_validation_ms": 0.4318919964134693, "carry_restore_ms": 12.014134787023067, "carry_restored": true, "singleton_position_uploads": 4, "blocking_trace_host_ms": 76.34600391611457, "replay_checks_sync_ms": 0.9278943762183189, "output_readback_host_ms": 0.17619086429476738}}, {"position": 131270, "rows": 4, "committed": 3, "draft_ms": 0.10862108319997787, "verify_host_ms": 89.68599606305361, "commit_host_ms": 17.193723004311323, "cycle_ms": 367.61590326204896, "outside_phases_ms": 260.62756311148405, "verifier": {"input_ms": 0.6514829583466053, "verify_readback_ms": 77.1374087780714, "binding_validation_ms": 0.24243071675300598, "carry_restore_ms": 11.631223373115063, "carry_restored": true, "singleton_position_uploads": 4, "blocking_trace_host_ms": 76.28182414919138, "replay_checks_sync_ms": 0.6835334934294224, "output_readback_host_ms": 0.17205113545060158}}, {"position": 131273, "rows": 4, "committed": 3, "draft_ms": 0.1826114021241665, "verify_host_ms": 86.30911726504564, "commit_host_ms": 18.4700395911932, "cycle_ms": 360.23187171667814, "outside_phases_ms": 255.27010345831513, "verifier": {"input_ms": 0.6513027474284172, "verify_readback_ms": 77.29848893359303, "binding_validation_ms": 0.26404112577438354, "carry_restore_ms": 8.065714035183191, "carry_restored": true, "singleton_position_uploads": 4, "blocking_trace_host_ms": 76.32247311994433, "replay_checks_sync_ms": 0.7748650386929512, "output_readback_host_ms": 0.2011507749557495}}, {"position": 131276, "rows": 4, "committed": 1, "draft_ms": 0.20048068836331367, "verify_host_ms": 94.11408007144928, "commit_host_ms": 21.77674835547805, "cycle_ms": 271.70062344521284, "outside_phases_ms": 155.6093143299222, "verifier": {"input_ms": 0.7681651040911674, "verify_readback_ms": 77.51545961946249, "binding_validation_ms": 0.4650922492146492, "carry_restore_ms": 15.331062953919172, "carry_restored": true, "singleton_position_uploads": 4, "blocking_trace_host_ms": 76.29464287310839, "replay_checks_sync_ms": 0.9808260947465897, "output_readback_host_ms": 0.23999065160751343}}, {"position": 131277, "rows": 4, "committed": 1, "draft_ms": 0.13310089707374573, "verify_host_ms": 87.39535277709365, "commit_host_ms": 20.02854924649, "cycle_ms": 246.1291439831257, "outside_phases_ms": 138.5721410624683, "verifier": {"input_ms": 0.8390741422772408, "verify_readback_ms": 77.47557992115617, "binding_validation_ms": 0.35520177334547043, "carry_restore_ms": 8.69468692690134, "carry_restored": true, "singleton_position_uploads": 4, "blocking_trace_host_ms": 76.284633949399, "replay_checks_sync_ms": 0.9494349360466003, "output_readback_host_ms": 0.2415110357105732}}, {"position": 131278, "rows": 4, "committed": 1, "draft_ms": 0.18859095871448517, "verify_host_ms": 88.73993018642068, "commit_host_ms": 18.416549544781446, "cycle_ms": 248.78585757687688, "outside_phases_ms": 141.44078688696027, "verifier": {"input_ms": 0.67570386454463, "verify_readback_ms": 77.25063804537058, "binding_validation_ms": 0.3791516646742821, "carry_restore_ms": 10.401896201074123, "carry_restored": true, "singleton_position_uploads": 4, "blocking_trace_host_ms": 76.27425389364362, "replay_checks_sync_ms": 0.7684230804443359, "output_readback_host_ms": 0.2079610712826252}}, {"position": 131279, "rows": 4, "committed": 3, "draft_ms": 0.17404090613126755, "verify_host_ms": 86.88167110085487, "commit_host_ms": 18.05540779605508, "cycle_ms": 235.55037705227733, "outside_phases_ms": 130.4392572492361, "verifier": {"input_ms": 0.6573940627276897, "verify_readback_ms": 77.40601897239685, "binding_validation_ms": 0.3026723861694336, "carry_restore_ms": 8.485985919833183, "carry_restored": true, "singleton_position_uploads": 4, "blocking_trace_host_ms": 76.33732445538044, "replay_checks_sync_ms": 0.8488334715366364, "output_readback_host_ms": 0.21986104547977448}}, {"position": 131282, "rows": 4, "committed": 1, "draft_ms": 0.12131128460168839, "verify_host_ms": 86.76974102854729, "commit_host_ms": 19.10254266113043, "cycle_ms": 237.3184859752655, "outside_phases_ms": 131.3248910009861, "verifier": {"input_ms": 0.6548129022121429, "verify_readback_ms": 77.52955099567771, "binding_validation_ms": 0.3078705631196499, "carry_restore_ms": 8.244935423135757, "carry_restored": true, "singleton_position_uploads": 4, "blocking_trace_host_ms": 76.29530364647508, "replay_checks_sync_ms": 0.9758053347468376, "output_readback_host_ms": 0.2584420144557953}}, {"position": 131283, "rows": 4, "committed": 2, "draft_ms": 0.20969100296497345, "verify_host_ms": 88.91707193106413, "commit_host_ms": 19.53997602686286, "cycle_ms": 242.94099723920226, "outside_phases_ms": 134.2742582783103, "verifier": {"input_ms": 0.8256849832832813, "verify_readback_ms": 77.67849089577794, "binding_validation_ms": 0.32599177211523056, "carry_restore_ms": 10.057364124804735, "carry_restored": true, "singleton_position_uploads": 4, "blocking_trace_host_ms": 76.33235398679972, "replay_checks_sync_ms": 1.1139661073684692, "output_readback_host_ms": 0.23217080160975456}}, {"position": 131285, "rows": 4, "committed": 1, "draft_ms": 0.12813089415431023, "verify_host_ms": 88.77564128488302, "commit_host_ms": 22.04075874760747, "cycle_ms": 241.20795680209994, "outside_phases_ms": 130.26342587545514, "verifier": {"input_ms": 0.8633448742330074, "verify_readback_ms": 77.83813215792179, "binding_validation_ms": 0.3778222016990185, "carry_restore_ms": 9.658892173320055, "carry_restored": true, "singleton_position_uploads": 4, "blocking_trace_host_ms": 76.31837390363216, "replay_checks_sync_ms": 1.188996247947216, "output_readback_host_ms": 0.33076200634241104}}, {"position": 131286, "rows": 4, "committed": 1, "draft_ms": 0.13060122728347778, "verify_host_ms": 86.84605965390801, "commit_host_ms": 18.62584101036191, "cycle_ms": 239.65359898284078, "outside_phases_ms": 134.05109709128737, "verifier": {"input_ms": 0.7254541851580143, "verify_readback_ms": 77.33161887153983, "binding_validation_ms": 0.3605620004236698, "carry_restore_ms": 8.399104699492455, "carry_restored": true, "singleton_position_uploads": 4, "blocking_trace_host_ms": 76.30146434530616, "replay_checks_sync_ms": 0.8023437112569809, "output_readback_host_ms": 0.2278108149766922}}, {"position": 131287, "rows": 4, "committed": 1, "draft_ms": 0.1797112636268139, "verify_host_ms": 86.55631961300969, "commit_host_ms": 19.465895369648933, "cycle_ms": 237.97751031816006, "outside_phases_ms": 131.77558407187462, "verifier": {"input_ms": 0.7146326825022697, "verify_readback_ms": 77.6822711341083, "binding_validation_ms": 0.3353320062160492, "carry_restore_ms": 7.790813222527504, "carry_restored": true, "singleton_position_uploads": 4, "blocking_trace_host_ms": 76.32651273161173, "replay_checks_sync_ms": 1.0979874059557915, "output_readback_host_ms": 0.25777099654078484}}, {"position": 131288, "rows": 4, "committed": 3, "draft_ms": 0.1035807654261589, "verify_host_ms": 85.26674192398787, "commit_host_ms": 16.06133673340082, "cycle_ms": 231.1984426341951, "outside_phases_ms": 129.76678321138024, "verifier": {"input_ms": 0.5780342034995556, "verify_readback_ms": 77.00870698317885, "binding_validation_ms": 0.2710111439228058, "carry_restore_ms": 7.384569849818945, "carry_restored": true, "singleton_position_uploads": 4, "blocking_trace_host_ms": 76.30170416086912, "replay_checks_sync_ms": 0.5890326574444771, "output_readback_host_ms": 0.11797016486525536}}, {"position": 131291, "rows": 4, "committed": 1, "draft_ms": 0.10290974751114845, "verify_host_ms": 85.73867427185178, "commit_host_ms": 19.387185107916594, "cycle_ms": 230.6999904103577, "outside_phases_ms": 125.4712212830782, "verifier": {"input_ms": 0.5687628872692585, "verify_readback_ms": 77.38465908914804, "binding_validation_ms": 0.27200067415833473, "carry_restore_ms": 7.485321257263422, "carry_restored": true, "singleton_position_uploads": 4, "blocking_trace_host_ms": 76.3118639588356, "replay_checks_sync_ms": 0.8596540428698063, "output_readback_host_ms": 0.2131410874426365}}, {"position": 131292, "rows": 4, "committed": 3, "draft_ms": 0.12286100536584854, "verify_host_ms": 86.72974957153201, "commit_host_ms": 20.395491272211075, "cycle_ms": 243.64253086969256, "outside_phases_ms": 136.39442902058363, "verifier": {"input_ms": 0.7145642302930355, "verify_readback_ms": 77.29695783928037, "binding_validation_ms": 0.3582220524549484, "carry_restore_ms": 8.330115582793951, "carry_restored": true, "singleton_position_uploads": 4, "blocking_trace_host_ms": 76.28446444869041, "replay_checks_sync_ms": 0.8136024698615074, "output_readback_host_ms": 0.19889092072844505}}, {"position": 131295, "rows": 4, "committed": 1, "draft_ms": 0.13049086555838585, "verify_host_ms": 86.79221011698246, "commit_host_ms": 19.50636599212885, "cycle_ms": 237.31004586443305, "outside_phases_ms": 130.88097888976336, "verifier": {"input_ms": 0.5634631961584091, "verify_readback_ms": 77.2037380374968, "binding_validation_ms": 0.2690013498067856, "carry_restore_ms": 8.730707690119743, "carry_restored": true, "singleton_position_uploads": 4, "blocking_trace_host_ms": 76.28573291003704, "replay_checks_sync_ms": 0.7628141902387142, "output_readback_host_ms": 0.15519093722105026}}, {"position": 131296, "rows": 4, "committed": 2, "draft_ms": 0.0988813117146492, "verify_host_ms": 88.16060796380043, "commit_host_ms": 18.542570061981678, "cycle_ms": 243.19228809326887, "outside_phases_ms": 136.3902287557721, "verifier": {"input_ms": 0.7102442905306816, "verify_readback_ms": 77.21933862194419, "binding_validation_ms": 0.4019923508167267, "carry_restore_ms": 9.799842722713947, "carry_restored": true, "singleton_position_uploads": 4, "blocking_trace_host_ms": 76.27426320686936, "replay_checks_sync_ms": 0.7688947953283787, "output_readback_host_ms": 0.1761806197464466}}, {"position": 131298, "rows": 4, "committed": 1, "draft_ms": 0.1356801949441433, "verify_host_ms": 86.1242157407105, "commit_host_ms": 22.196881007403135, "cycle_ms": 246.05175387114286, "outside_phases_ms": 137.5949769280851, "verifier": {"input_ms": 0.679483637213707, "verify_readback_ms": 77.23455829545856, "binding_validation_ms": 0.37375185638666153, "carry_restore_ms": 7.805232424288988, "carry_restored": true, "singleton_position_uploads": 4, "blocking_trace_host_ms": 76.30234304815531, "replay_checks_sync_ms": 0.7681339047849178, "output_readback_host_ms": 0.16408134251832962}}, {"position": 131299, "rows": 4, "committed": 1, "draft_ms": 0.15895115211606026, "verify_host_ms": 86.82262012735009, "commit_host_ms": 19.852388184517622, "cycle_ms": 239.5387883298099, "outside_phases_ms": 132.70482886582613, "verifier": {"input_ms": 0.6937338039278984, "verify_readback_ms": 77.65754032880068, "binding_validation_ms": 0.2956916578114033, "carry_restore_ms": 8.146494161337614, "carry_restored": true, "singleton_position_uploads": 4, "blocking_trace_host_ms": 76.31094427779317, "replay_checks_sync_ms": 1.0076547041535378, "output_readback_host_ms": 0.3389413468539715}}, {"position": 131300, "rows": 4, "committed": 1, "draft_ms": 0.21041091531515121, "verify_host_ms": 87.66469499096274, "commit_host_ms": 22.22021110355854, "cycle_ms": 241.9818718917668, "outside_phases_ms": 131.88655488193035, "verifier": {"input_ms": 0.7180939428508282, "verify_readback_ms": 77.67067104578018, "binding_validation_ms": 0.35652192309498787, "carry_restore_ms": 8.879977744072676, "carry_restored": true, "singleton_position_uploads": 4, "blocking_trace_host_ms": 76.29209430888295, "replay_checks_sync_ms": 1.1016656644642353, "output_readback_host_ms": 0.27691107243299484}}, {"position": 131301, "rows": 4, "committed": 2, "draft_ms": 0.1484309323132038, "verify_host_ms": 88.12750736251473, "commit_host_ms": 22.989965043962002, "cycle_ms": 243.9477820880711, "outside_phases_ms": 132.68187874928117, "verifier": {"input_ms": 2.1995618008077145, "verify_readback_ms": 77.43198890239, "binding_validation_ms": 0.34268200397491455, "carry_restore_ms": 8.123564068228006, "carry_restored": true, "singleton_position_uploads": 4, "blocking_trace_host_ms": 76.31856389343739, "replay_checks_sync_ms": 0.8885441347956657, "output_readback_host_ms": 0.2248808741569519}}, {"position": 131303, "rows": 4, "committed": 1, "draft_ms": 0.19345106557011604, "verify_host_ms": 89.29621428251266, "commit_host_ms": 19.43057496100664, "cycle_ms": 241.5283089503646, "outside_phases_ms": 132.60806864127517, "verifier": {"input_ms": 0.7671141065657139, "verify_readback_ms": 77.85540260374546, "binding_validation_ms": 0.41584204882383347, "carry_restore_ms": 10.222135111689568, "carry_restored": true, "singleton_position_uploads": 4, "blocking_trace_host_ms": 76.31888333708048, "replay_checks_sync_ms": 1.2585874646902084, "output_readback_host_ms": 0.2779318019747734}}, {"position": 131304, "rows": 4, "committed": 1, "draft_ms": 0.13019097968935966, "verify_host_ms": 86.79149113595486, "commit_host_ms": 20.74130205437541, "cycle_ms": 246.87909800559282, "outside_phases_ms": 139.2161138355732, "verifier": {"input_ms": 0.6867428310215473, "verify_readback_ms": 77.2939003072679, "binding_validation_ms": 0.3351322375237942, "carry_restore_ms": 8.445705752819777, "carry_restored": true, "singleton_position_uploads": 4, "blocking_trace_host_ms": 76.26663334667683, "replay_checks_sync_ms": 0.8111549541354179, "output_readback_host_ms": 0.21611200645565987}}, {"position": 131305, "rows": 4, "committed": 1, "draft_ms": 0.10581128299236298, "verify_host_ms": 88.96437287330627, "commit_host_ms": 17.39602442830801, "cycle_ms": 239.27879706025124, "outside_phases_ms": 132.8125884756446, "verifier": {"input_ms": 0.5387021228671074, "verify_readback_ms": 80.06164478138089, "binding_validation_ms": 0.26445183902978897, "carry_restore_ms": 8.07661423459649, "carry_restored": true, "singleton_position_uploads": 4, "blocking_trace_host_ms": 76.31119387224317, "replay_checks_sync_ms": 0.653113704174757, "output_readback_host_ms": 3.097337204962969}}, {"position": 131306, "rows": 4, "committed": 2, "draft_ms": 0.12094015255570412, "verify_host_ms": 86.84395998716354, "commit_host_ms": 20.395070780068636, "cycle_ms": 249.49642177671194, "outside_phases_ms": 142.13645085692406, "verifier": {"input_ms": 0.5957325920462608, "verify_readback_ms": 77.61341007426381, "binding_validation_ms": 0.30087074264883995, "carry_restore_ms": 8.300346322357655, "carry_restored": true, "singleton_position_uploads": 4, "blocking_trace_host_ms": 76.33253373205662, "replay_checks_sync_ms": 1.0199956595897675, "output_readback_host_ms": 0.2608806826174259}}, {"position": 131308, "rows": 4, "committed": 1, "draft_ms": 0.11810101568698883, "verify_host_ms": 86.68184000998735, "commit_host_ms": 18.622650764882565, "cycle_ms": 243.26825886964798, "outside_phases_ms": 137.84566707909107, "verifier": {"input_ms": 0.6122132763266563, "verify_readback_ms": 77.22556916996837, "binding_validation_ms": 0.3535016439855099, "carry_restore_ms": 8.460945915430784, "carry_restored": true, "singleton_position_uploads": 4, "blocking_trace_host_ms": 76.33892400190234, "replay_checks_sync_ms": 0.7202839478850365, "output_readback_host_ms": 0.1663612201809883}}, {"position": 131309, "rows": 4, "committed": 1, "draft_ms": 0.1278710551559925, "verify_host_ms": 86.72248013317585, "commit_host_ms": 18.75443197786808, "cycle_ms": 239.55327831208706, "outside_phases_ms": 133.94849514588714, "verifier": {"input_ms": 0.7235142402350903, "verify_readback_ms": 77.38539902493358, "binding_validation_ms": 0.36155199632048607, "carry_restore_ms": 8.221535012125969, "carry_restored": true, "singleton_position_uploads": 4, "blocking_trace_host_ms": 76.31003390997648, "replay_checks_sync_ms": 0.8438839577138424, "output_readback_host_ms": 0.2314811572432518}}, {"position": 131310, "rows": 4, "committed": 1, "draft_ms": 0.10169018059968948, "verify_host_ms": 90.49728093668818, "commit_host_ms": 19.43688513711095, "cycle_ms": 245.8274718374014, "outside_phases_ms": 135.79161558300257, "verifier": {"input_ms": 3.4057078883051872, "verify_readback_ms": 77.06006802618504, "binding_validation_ms": 0.35031186416745186, "carry_restore_ms": 9.653603192418814, "carry_restored": true, "singleton_position_uploads": 4, "blocking_trace_host_ms": 76.26563310623169, "replay_checks_sync_ms": 0.6221039220690727, "output_readback_host_ms": 0.17233099788427353}}, {"position": 131311, "rows": 4, "committed": 1, "draft_ms": 0.10797102004289627, "verify_host_ms": 92.92628429830074, "commit_host_ms": 20.556821022182703, "cycle_ms": 262.1352612040937, "outside_phases_ms": 148.54418486356735, "verifier": {"input_ms": 0.7464149966835976, "verify_readback_ms": 77.48485915362835, "binding_validation_ms": 0.48013264313340187, "carry_restore_ms": 14.182756189256907, "carry_restored": true, "singleton_position_uploads": 4, "blocking_trace_host_ms": 76.2802129611373, "replay_checks_sync_ms": 0.9464751929044724, "output_readback_host_ms": 0.2581709995865822}}, {"position": 131312, "rows": 4, "committed": 1, "draft_ms": 0.09381072595715523, "verify_host_ms": 86.13231731578708, "commit_host_ms": 18.436779733747244, "cycle_ms": 233.0372827127576, "outside_phases_ms": 128.3743749372661, "verifier": {"input_ms": 0.5816230550408363, "verify_readback_ms": 77.13401783257723, "binding_validation_ms": 0.3221612423658371, "carry_restore_ms": 8.06767400354147, "carry_restored": true, "singleton_position_uploads": 4, "blocking_trace_host_ms": 76.27267297357321, "replay_checks_sync_ms": 0.6960737518966198, "output_readback_host_ms": 0.1652711071074009}}, {"position": 131313, "rows": 4, "committed": 1, "draft_ms": 0.11459039524197578, "verify_host_ms": 90.58445086702704, "commit_host_ms": 18.421550281345844, "cycle_ms": 250.02335524186492, "outside_phases_ms": 140.90276369825006, "verifier": {"input_ms": 1.4062481932342052, "verify_readback_ms": 77.18382775783539, "binding_validation_ms": 0.3528608940541744, "carry_restore_ms": 11.613262817263603, "carry_restored": true, "singleton_position_uploads": 4, "blocking_trace_host_ms": 76.30491303279996, "replay_checks_sync_ms": 0.708824023604393, "output_readback_host_ms": 0.170090701431036}}, {"position": 131314, "rows": 4, "committed": 1, "draft_ms": 0.13772118836641312, "verify_host_ms": 87.6442352309823, "commit_host_ms": 21.74471691250801, "cycle_ms": 241.02195585146546, "outside_phases_ms": 131.49528251960874, "verifier": {"input_ms": 0.594352837651968, "verify_readback_ms": 78.55911599472165, "binding_validation_ms": 0.28726086020469666, "carry_restore_ms": 8.176554925739765, "carry_restored": true, "singleton_position_uploads": 4, "blocking_trace_host_ms": 76.29157416522503, "replay_checks_sync_ms": 1.8171491101384163, "output_readback_host_ms": 0.4503927193582058}}, {"position": 131315, "rows": 4, "committed": 1, "draft_ms": 0.11502113193273544, "verify_host_ms": 87.53455430269241, "commit_host_ms": 19.403334707021713, "cycle_ms": 242.18634283170104, "outside_phases_ms": 135.13343269005418, "verifier": {"input_ms": 0.7152631878852844, "verify_readback_ms": 77.7344019152224, "binding_validation_ms": 0.32883184030652046, "carry_restore_ms": 8.722526952624321, "carry_restored": true, "singleton_position_uploads": 4, "blocking_trace_host_ms": 76.30639290437102, "replay_checks_sync_ms": 1.146996859461069, "output_readback_host_ms": 0.2810121513903141}}, {"position": 131316, "rows": 4, "committed": 2, "draft_ms": 0.19036093726754189, "verify_host_ms": 90.1596387848258, "commit_host_ms": 26.445473078638315, "cycle_ms": 249.25407115370035, "outside_phases_ms": 132.4585983529687, "verifier": {"input_ms": 0.7027038373053074, "verify_readback_ms": 78.19562312215567, "binding_validation_ms": 0.362372025847435, "carry_restore_ms": 10.86383918300271, "carry_restored": true, "singleton_position_uploads": 4, "blocking_trace_host_ms": 76.27331325784326, "replay_checks_sync_ms": 1.6800188459455967, "output_readback_host_ms": 0.24229101836681366}}, {"position": 131318, "rows": 4, "committed": 1, "draft_ms": 0.10833097621798515, "verify_host_ms": 87.36215298995376, "commit_host_ms": 19.150043837726116, "cycle_ms": 247.77700286358595, "outside_phases_ms": 141.1564750596881, "verifier": {"input_ms": 0.7248637266457081, "verify_readback_ms": 77.68677128478885, "binding_validation_ms": 0.42924191802740097, "carry_restore_ms": 8.490526117384434, "carry_restored": true, "singleton_position_uploads": 4, "blocking_trace_host_ms": 76.31575409322977, "replay_checks_sync_ms": 1.0943859815597534, "output_readback_host_ms": 0.2766312099993229}}, {"position": 131319, "rows": 4, "committed": 1, "draft_ms": 0.13828091323375702, "verify_host_ms": 87.73755561560392, "commit_host_ms": 18.839772325009108, "cycle_ms": 243.13497822731733, "outside_phases_ms": 136.41936937347054, "verifier": {"input_ms": 1.894849818199873, "verify_readback_ms": 77.26081926375628, "binding_validation_ms": 0.3114519640803337, "carry_restore_ms": 8.241964969784021, "carry_restored": true, "singleton_position_uploads": 4, "blocking_trace_host_ms": 76.29118300974369, "replay_checks_sync_ms": 0.7681441493332386, "output_readback_host_ms": 0.20149210467934608}}, {"position": 131320, "rows": 4, "committed": 1, "draft_ms": 0.12267101556062698, "verify_host_ms": 88.58498092740774, "commit_host_ms": 19.690495915710926, "cycle_ms": 242.33707273378968, "outside_phases_ms": 133.9389248751104, "verifier": {"input_ms": 0.5614832043647766, "verify_readback_ms": 77.07049790769815, "binding_validation_ms": 0.368382316082716, "carry_restore_ms": 10.55689761415124, "carry_restored": true, "singleton_position_uploads": 4, "blocking_trace_host_ms": 76.29412412643433, "replay_checks_sync_ms": 0.6358828395605087, "output_readback_host_ms": 0.14049094170331955}}, {"position": 131321, "rows": 4, "committed": 2, "draft_ms": 0.11535082012414932, "verify_host_ms": 86.99198113754392, "commit_host_ms": 32.09287393838167, "cycle_ms": 259.984799195081, "outside_phases_ms": 140.78459329903126, "verifier": {"input_ms": 0.6479928269982338, "verify_readback_ms": 77.54908036440611, "binding_validation_ms": 0.300481915473938, "carry_restore_ms": 8.463325910270214, "carry_restored": true, "singleton_position_uploads": 4, "blocking_trace_host_ms": 76.32420305162668, "replay_checks_sync_ms": 0.9703258983790874, "output_readback_host_ms": 0.2545514144003391}}, {"position": 131323, "rows": 4, "committed": 2, "draft_ms": 0.09791972115635872, "verify_host_ms": 85.70805517956614, "commit_host_ms": 17.143122851848602, "cycle_ms": 231.12141294404864, "outside_phases_ms": 128.17231519147754, "verifier": {"input_ms": 0.48599205911159515, "verify_readback_ms": 77.01413799077272, "binding_validation_ms": 0.2529011107981205, "carry_restore_ms": 7.935203146189451, "carry_restored": true, "singleton_position_uploads": 4, "blocking_trace_host_ms": 76.27610303461552, "replay_checks_sync_ms": 0.6115236319601536, "output_readback_host_ms": 0.1265113241970539}}, {"position": 131325, "rows": 2, "committed": 1, "draft_ms": 0.10383035987615585, "verify_host_ms": 69.10672504454851, "commit_host_ms": 27.543879114091396, "cycle_ms": 236.5513020195067, "outside_phases_ms": 139.79686750099063, "verifier": {"input_ms": 0.5393717437982559, "verify_readback_ms": 60.17322698608041, "binding_validation_ms": 0.30957208946347237, "carry_restore_ms": 8.058444131165743, "carry_restored": true, "singleton_position_uploads": 2, "blocking_trace_host_ms": 59.95240481570363, "replay_checks_sync_ms": 0.04528136923909187, "output_readback_host_ms": 0.17554080113768578}}, {"position": 131326, "rows": 1, "committed": 1, "draft_ms": 0.026210211217403412, "verify_host_ms": 61.816324945539236, "commit_host_ms": 17.67433574423194, "cycle_ms": 212.1299197897315, "outside_phases_ms": 132.61304888874292, "verifier": {"input_ms": 0.4798518493771553, "verify_readback_ms": 51.01924715563655, "binding_validation_ms": 0.32848166301846504, "carry_restore_ms": 9.962594136595726, "carry_restored": true, "singleton_position_uploads": 1, "blocking_trace_host_ms": 50.809236243367195, "replay_checks_sync_ms": 0.04205992445349693, "output_readback_host_ms": 0.16795098781585693}}], "cancelled": false, "finished": true, "timing_scope": "Host wall time, existing blocking boundaries; verifier detail is nested", "added_device_fences": false, "performance_qualified": false}
(EngineCore pid=88) 2026-09-24 03:19:15.815 | INFO     | serving_worker_hook:_execute:229 - [PHASE] execute total=4 new=0 cached=1 spec=1 finished=['cmpl-a095ee79e0e35da3-0-8b2fc3b4'] preempted=[]
(EngineCore pid=88) 2026-09-24 03:19:15.947 | INFO     | serving_worker_hook:_execute:229 - [PHASE] execute total=4 new=0 cached=1 spec=1 finished=[] preempted=[]
(EngineCore pid=88) 2026-09-24 03:19:16.066 | INFO     | serving_worker_hook:_execute:229 - [PHASE] execute total=4 new=0 cached=1 spec=1 finished=[] preempted=[]
(EngineCore pid=88) 2026-09-24 03:19:16.188 | INFO     | serving_worker_hook:_execute:229 - [PHASE] execute total=4 new=0 cached=1 spec=1 finished=[] preempted=[]
(EngineCore pid=88) 2026-09-24 03:19:16.308 | INFO     | serving_worker_hook:_execute:229 - [PHASE] execute total=4 new=0 cached=1 spec=1 finished=[] preempted=[]
(EngineCore pid=88) 2026-09-24 03:19:16.440 | INFO     | serving_worker_hook:_execute:229 - [PHASE] execute total=4 new=0 cached=1 spec=1 finished=[] preempted=[]
(EngineCore pid=88) 2026-09-24 03:19:16.560 | INFO     | serving_worker_hook:_execute:229 - [PHASE] execute total=4 new=0 cached=1 spec=1 finished=[] preempted=[]
(EngineCore pid=88) 2026-09-24 03:19:16.682 | INFO     | serving_worker_hook:_execute:229 - [PHASE] execute total=4 new=0 cached=1 spec=1 finished=[] preempted=[]
(EngineCore pid=88) 2026-09-24 03:19:16.811 | INFO     | serving_worker_hook:_execute:229 - [PHASE] execute total=4 new=0 cached=1 spec=1 finished=[] preempted=[]
(EngineCore pid=88) 2026-09-24 03:19:16.936 | INFO     | serving_worker_hook:_execute:229 - [PHASE] execute total=4 new=0 cached=1 spec=1 finished=[] preempted=[]
(EngineCore pid=88) 2026-09-24 03:19:17.065 | INFO     | serving_worker_hook:_execute:229 - [PHASE] execute total=4 new=0 cached=1 spec=1 finished=[] preempted=[]
(EngineCore pid=88) 2026-09-24 03:19:17.182 | INFO     | serving_worker_hook:_execute:229 - [PHASE] execute total=1 new=0 cached=1 spec=0 finished=[] preempted=[]
(EngineCore pid=88) {"stage": "fast_serving_phases", "blocks": [{"position": 131072, "rows": 16, "committed": 1, "draft_ms": 0.07689977064728737, "verify_host_ms": 256.3446993008256, "commit_host_ms": 9.324091020971537, "cycle_ms": 323.33814166486263, "outside_phases_ms": 8.905347902327776, "verifier": {"segments": [3, 2, 1, 0], "staged_buffers": 145, "binding_validation_ms": 2.4896543473005295, "input_ms": 106.35774582624435, "verify_readback_ms": 146.9772169366479, "blocking_trace_host_ms": 140.25976974517107, "replay_checks_sync_ms": 0.6420044228434563, "output_readback_host_ms": 6.075442768633366, "users": 4, "packed": true, "segment": 1}}, {"position": 131073, "rows": 16, "committed": 11, "draft_ms": 0.07457099854946136, "verify_host_ms": 148.99413799867034, "commit_host_ms": 16.9891519472003, "cycle_ms": 442.16323597356677, "outside_phases_ms": 239.78863935917616, "verifier": {"segments": [3, 2, 1, 0], "staged_buffers": 145, "binding_validation_ms": 1.7818892374634743, "input_ms": 4.335213918238878, "verify_readback_ms": 142.50163175165653, "blocking_trace_host_ms": 140.3232798911631, "replay_checks_sync_ms": 1.1411062441766262, "output_readback_host_ms": 1.0372456163167953, "users": 4, "packed": true, "segment": 1}}, {"position": 131084, "rows": 16, "committed": 3, "draft_ms": 0.07958011701703072, "verify_host_ms": 150.73040686547756, "commit_host_ms": 6.896228063851595, "cycle_ms": 251.5592142008245, "outside_phases_ms": 62.01387709006667, "verifier": {"segments": [3, 2, 1, 0], "staged_buffers": 145, "binding_validation_ms": 2.2077620960772038, "input_ms": 6.01385161280632, "verify_readback_ms": 142.1023802831769, "blocking_trace_host_ms": 140.30615100637078, "replay_checks_sync_ms": 0.9355153888463974, "output_readback_host_ms": 0.8607138879597187, "users": 4, "packed": true, "segment": 1}}, {"position": 131087, "rows": 16, "committed": 3, "draft_ms": 0.07004989311099052, "verify_host_ms": 149.87893169745803, "commit_host_ms": 7.62280123308301, "cycle_ms": 239.7215492092073, "outside_phases_ms": 48.281402327120304, "verifier": {"segments": [3, 2, 1, 0], "staged_buffers": 145, "binding_validation_ms": 1.979371067136526, "input_ms": 5.80119201913476, "verify_readback_ms": 141.7589676566422, "blocking_trace_host_ms": 140.2458199299872, "replay_checks_sync_ms": 0.7884539663791656, "output_readback_host_ms": 0.7246937602758408, "users": 4, "packed": true, "segment": 1}}, {"position": 131090, "rows": 16, "committed": 1, "draft_ms": 0.07135095074772835, "verify_host_ms": 151.8238326534629, "commit_host_ms": 59.370012022554874, "cycle_ms": 309.4334667548537, "outside_phases_ms": 78.762446064502, "verifier": {"segments": [3, 2, 1, 0], "staged_buffers": 145, "binding_validation_ms": 1.9121700897812843, "input_ms": 4.380393773317337, "verify_readback_ms": 145.11815691366792, "blocking_trace_host_ms": 140.3340008109808, "replay_checks_sync_ms": 1.0340651497244835, "output_readback_host_ms": 3.750090952962637, "users": 4, "packed": true, "segment": 1}}, {"position": 131091, "rows": 16, "committed": 3, "draft_ms": 0.10782992467284203, "verify_host_ms": 150.13490384444594, "commit_host_ms": 6.083162967115641, "cycle_ms": 246.90492823719978, "outside_phases_ms": 75.73877135291696, "verifier": {"segments": [3, 2, 1, 0], "staged_buffers": 145, "binding_validation_ms": 1.9786711782217026, "input_ms": 5.466319154947996, "verify_readback_ms": 142.2825106419623, "blocking_trace_host_ms": 140.24682017043233, "replay_checks_sync_ms": 0.9709857404232025, "output_readback_host_ms": 1.0647047311067581, "users": 4, "packed": true, "segment": 1}}, {"position": 131094, "rows": 16, "committed": 1, "draft_ms": 0.10367995128035545, "verify_host_ms": 149.00639699772, "commit_host_ms": 5.029137246310711, "cycle_ms": 233.0076228827238, "outside_phases_ms": 53.25134005397558, "verifier": {"segments": [3, 2, 1, 0], "staged_buffers": 145, "binding_validation_ms": 1.9533811137080193, "input_ms": 4.659364931285381, "verify_readback_ms": 142.00998982414603, "blocking_trace_host_ms": 140.22344117984176, "replay_checks_sync_ms": 0.9168637916445732, "output_readback_host_ms": 0.8696848526597023, "users": 4, "packed": true, "segment": 1}}, {"position": 131095, "rows": 16, "committed": 1, "draft_ms": 0.11478131636977196, "verify_host_ms": 149.98328313231468, "commit_host_ms": 15.085862018167973, "cycle_ms": 235.5561968870461, "outside_phases_ms": 55.19432853907347, "verifier": {"segments": [3, 2, 1, 0], "staged_buffers": 145, "binding_validation_ms": 2.062310930341482, "input_ms": 5.265579093247652, "verify_readback_ms": 142.17749098315835, "blocking_trace_host_ms": 140.19655995070934, "replay_checks_sync_ms": 0.975385308265686, "output_readback_host_ms": 1.005545724183321, "users": 4, "packed": true, "segment": 1}}, {"position": 131096, "rows": 16, "committed": 3, "draft_ms": 0.08680112659931183, "verify_host_ms": 166.05353029444814, "commit_host_ms": 8.233804255723953, "cycle_ms": 244.89154713228345, "outside_phases_ms": 58.79311775788665, "verifier": {"segments": [3, 2, 1, 0], "staged_buffers": 145, "binding_validation_ms": 1.9687600433826447, "input_ms": 21.110245026648045, "verify_readback_ms": 142.55019323900342, "blocking_trace_host_ms": 140.28025977313519, "replay_checks_sync_ms": 1.2493873946368694, "output_readback_host_ms": 1.0205460712313652, "users": 4, "packed": true, "segment": 1}}, {"position": 131099, "rows": 16, "committed": 2, "draft_ms": 0.0742301344871521, "verify_host_ms": 181.58521503210068, "commit_host_ms": 10.655228048563004, "cycle_ms": 263.4328277781606, "outside_phases_ms": 56.01096386089921, "verifier": {"segments": [3, 2, 1, 0], "staged_buffers": 145, "binding_validation_ms": 2.0172307267785072, "input_ms": 36.32490709424019, "verify_readback_ms": 142.71087292581797, "blocking_trace_host_ms": 140.22670965641737, "replay_checks_sync_ms": 1.1688163504004478, "output_readback_host_ms": 1.3153469190001488, "users": 4, "packed": true, "segment": 1}}, {"position": 131101, "rows": 16, "committed": 5, "draft_ms": 0.07983064278960228, "verify_host_ms": 149.6216906234622, "commit_host_ms": 11.516871862113476, "cycle_ms": 251.33971218019724, "outside_phases_ms": 61.18128169327974, "verifier": {"segments": [3, 2, 1, 0], "staged_buffers": 145, "binding_validation_ms": 1.985960640013218, "input_ms": 5.130487028509378, "verify_readback_ms": 142.10937032476068, "blocking_trace_host_ms": 140.23546129465103, "replay_checks_sync_ms": 0.9280648082494736, "output_readback_host_ms": 0.9458442218601704, "users": 4, "packed": true, "segment": 1}}, {"position": 131106, "rows": 16, "committed": 3, "draft_ms": 0.07716985419392586, "verify_host_ms": 149.95713299140334, "commit_host_ms": 16.52069902047515, "cycle_ms": 266.7912761680782, "outside_phases_ms": 53.419160190969706, "verifier": {"segments": [3, 2, 1, 0], "staged_buffers": 145, "binding_validation_ms": 1.951831392943859, "input_ms": 5.16192801296711, "verify_readback_ms": 142.39950058981776, "blocking_trace_host_ms": 140.2647397480905, "replay_checks_sync_ms": 1.0033352300524712, "output_readback_host_ms": 1.1314256116747856, "users": 4, "packed": true, "segment": 1}}, {"position": 131109, "rows": 16, "committed": 3, "draft_ms": 0.08308980613946915, "verify_host_ms": 157.02476119622588, "commit_host_ms": 6.083022803068161, "cycle_ms": 247.39296082407236, "outside_phases_ms": 66.25956995412707, "verifier": {"segments": [3, 2, 1, 0], "staged_buffers": 145, "binding_validation_ms": 2.1586320362985134, "input_ms": 9.310601279139519, "verify_readback_ms": 145.0756057165563, "blocking_trace_host_ms": 140.20799985155463, "replay_checks_sync_ms": 1.1370060965418816, "output_readback_host_ms": 3.730599768459797, "users": 4, "packed": true, "segment": 1}}, {"position": 131112, "rows": 16, "committed": 1, "draft_ms": 0.07207971066236496, "verify_host_ms": 151.4541213400662, "commit_host_ms": 8.677117060869932, "cycle_ms": 278.4402188844979, "outside_phases_ms": 80.2563950419426, "verifier": {"segments": [3, 2, 1, 0], "staged_buffers": 145, "binding_validation_ms": 1.9777710549533367, "input_ms": 3.9430810138583183, "verify_readback_ms": 145.1935670338571, "blocking_trace_host_ms": 140.2713912539184, "replay_checks_sync_ms": 0.8826837874948978, "output_readback_host_ms": 4.0394919924438, "users": 4, "packed": true, "segment": 1}}, {"position": 131113, "rows": 16, "committed": 3, "draft_ms": 0.08284999057650566, "verify_host_ms": 152.4084461852908, "commit_host_ms": 4.964496940374374, "cycle_ms": 257.193764206022, "outside_phases_ms": 49.24653796479106, "verifier": {"segments": [3, 2, 1, 0], "staged_buffers": 145, "binding_validation_ms": 2.0878221839666367, "input_ms": 4.683124832808971, "verify_readback_ms": 145.12297697365284, "blocking_trace_host_ms": 140.19510988146067, "replay_checks_sync_ms": 1.0867863893508911, "output_readback_host_ms": 3.841080702841282, "users": 4, "packed": true, "segment": 1}}, {"position": 131116, "rows": 16, "committed": 5, "draft_ms": 0.07162010297179222, "verify_host_ms": 148.38836481794715, "commit_host_ms": 5.035847891122103, "cycle_ms": 224.10531481727958, "outside_phases_ms": 47.78363881632686, "verifier": {"segments": [3, 2, 1, 0], "staged_buffers": 145, "binding_validation_ms": 1.9687809981405735, "input_ms": 3.7639709189534187, "verify_readback_ms": 142.26716104894876, "blocking_trace_host_ms": 140.21104015409946, "replay_checks_sync_ms": 1.1009946465492249, "output_readback_host_ms": 0.9551262483000755, "users": 4, "packed": true, "segment": 1}}, {"position": 131121, "rows": 16, "committed": 9, "draft_ms": 0.14472100883722305, "verify_host_ms": 155.1981712691486, "commit_host_ms": 9.849233087152243, "cycle_ms": 256.56332029029727, "outside_phases_ms": 51.721089985221624, "verifier": {"segments": [3, 2, 1, 0], "staged_buffers": 145, "binding_validation_ms": 2.6507549919188023, "input_ms": 7.4041797779500484, "verify_readback_ms": 144.6110443212092, "blocking_trace_host_ms": 140.28437016531825, "replay_checks_sync_ms": 1.697109080851078, "output_readback_host_ms": 2.6295650750398636, "users": 4, "packed": true, "segment": 1}}, {"position": 131130, "rows": 16, "committed": 3, "draft_ms": 0.13813097029924393, "verify_host_ms": 151.1883889324963, "commit_host_ms": 12.509248219430447, "cycle_ms": 239.0715959481895, "outside_phases_ms": 53.09352790936828, "verifier": {"segments": [3, 2, 1, 0], "staged_buffers": 145, "binding_validation_ms": 2.3099929094314575, "input_ms": 5.842690821737051, "verify_readback_ms": 142.49393297359347, "blocking_trace_host_ms": 140.26479981839657, "replay_checks_sync_ms": 1.077017281204462, "output_readback_host_ms": 1.152115873992443, "users": 4, "packed": true, "segment": 1}}, {"position": 131133, "rows": 16, "committed": 10, "draft_ms": 0.07569091394543648, "verify_host_ms": 149.15069798007607, "commit_host_ms": 4.754946101456881, "cycle_ms": 247.4823617376387, "outside_phases_ms": 58.36862605065107, "verifier": {"segments": [3, 2, 1, 0], "staged_buffers": 145, "binding_validation_ms": 1.99456000700593, "input_ms": 4.424154758453369, "verify_readback_ms": 142.32227113097906, "blocking_trace_host_ms": 140.22507006302476, "replay_checks_sync_ms": 0.9670550934970379, "output_readback_host_ms": 1.130145974457264, "users": 4, "packed": true, "segment": 1}}, {"position": 131143, "rows": 16, "committed": 11, "draft_ms": 0.08181063458323479, "verify_host_ms": 150.02824319526553, "commit_host_ms": 12.414568103849888, "cycle_ms": 227.54188301041722, "outside_phases_ms": 49.53090846538544, "verifier": {"segments": [3, 2, 1, 0], "staged_buffers": 145, "binding_validation_ms": 2.131632063537836, "input_ms": 5.054276902228594, "verify_readback_ms": 142.39992201328278, "blocking_trace_host_ms": 140.19226981326938, "replay_checks_sync_ms": 1.0508564300835133, "output_readback_host_ms": 1.1567957699298859, "users": 4, "packed": true, "segment": 1}}, {"position": 131154, "rows": 16, "committed": 9, "draft_ms": 0.23427093401551247, "verify_host_ms": 170.21115217357874, "commit_host_ms": 12.520137708634138, "cycle_ms": 265.56759886443615, "outside_phases_ms": 65.21913409233093, "verifier": {"segments": [3, 2, 1, 0], "staged_buffers": 145, "binding_validation_ms": 2.6922840625047684, "input_ms": 24.458632804453373, "verify_readback_ms": 142.57031306624413, "blocking_trace_host_ms": 140.218960121274, "replay_checks_sync_ms": 1.2286766432225704, "output_readback_host_ms": 1.1226763017475605, "users": 4, "packed": true, "segment": 1}}, {"position": 131163, "rows": 16, "committed": 1, "draft_ms": 0.09656092151999474, "verify_host_ms": 176.9633498042822, "commit_host_ms": 5.127508193254471, "cycle_ms": 259.0032243169844, "outside_phases_ms": 64.90076147019863, "verifier": {"segments": [3, 2, 1, 0], "staged_buffers": 145, "binding_validation_ms": 2.3088129237294197, "input_ms": 31.015597749501467, "verify_readback_ms": 143.19617627188563, "blocking_trace_host_ms": 140.25849988684058, "replay_checks_sync_ms": 1.183606218546629, "output_readback_host_ms": 1.7540701664984226, "users": 4, "packed": true, "segment": 1}}, {"position": 131164, "rows": 16, "committed": 3, "draft_ms": 0.13333093374967575, "verify_host_ms": 159.4007438980043, "commit_host_ms": 7.1064988151192665, "cycle_ms": 234.25437975674868, "outside_phases_ms": 51.441567949950695, "verifier": {"segments": [3, 2, 1, 0], "staged_buffers": 145, "binding_validation_ms": 2.032211050391197, "input_ms": 12.909499928355217, "verify_readback_ms": 144.0337309613824, "blocking_trace_host_ms": 140.22776996716857, "replay_checks_sync_ms": 2.6133740320801735, "output_readback_host_ms": 1.192586962133646, "users": 4, "packed": true, "segment": 1}}, {"position": 131167, "rows": 16, "committed": 6, "draft_ms": 0.12584077194333076, "verify_host_ms": 152.90520898997784, "commit_host_ms": 8.263013791292906, "cycle_ms": 333.17811507731676, "outside_phases_ms": 53.67691023275256, "verifier": {"segments": [3, 2, 1, 0], "staged_buffers": 145, "binding_validation_ms": 2.0249513909220695, "input_ms": 5.242457613348961, "verify_readback_ms": 145.23312728852034, "blocking_trace_host_ms": 140.30889002606273, "replay_checks_sync_ms": 1.0838261805474758, "output_readback_host_ms": 3.8404110819101334, "users": 4, "packed": true, "segment": 1}}, {"position": 131173, "rows": 16, "committed": 1, "draft_ms": 0.13975100591778755, "verify_host_ms": 151.00594889372587, "commit_host_ms": 8.976808749139309, "cycle_ms": 232.20290895551443, "outside_phases_ms": 57.09236906841397, "verifier": {"segments": [3, 2, 1, 0], "staged_buffers": 145, "binding_validation_ms": 2.006661146879196, "input_ms": 6.690626032650471, "verify_readback_ms": 141.89918991178274, "blocking_trace_host_ms": 140.28427004814148, "replay_checks_sync_ms": 0.860665924847126, "output_readback_host_ms": 0.754253938794136, "users": 4, "packed": true, "segment": 1}}, {"position": 131174, "rows": 16, "committed": 4, "draft_ms": 0.08066091686487198, "verify_host_ms": 149.62036069482565, "commit_host_ms": 9.964452590793371, "cycle_ms": 254.5715388841927, "outside_phases_ms": 48.798414412885904, "verifier": {"segments": [3, 2, 1, 0], "staged_buffers": 145, "binding_validation_ms": 1.973130740225315, "input_ms": 4.739966243505478, "verify_readback_ms": 142.48586166650057, "blocking_trace_host_ms": 140.24442993104458, "replay_checks_sync_ms": 1.134925987571478, "output_readback_host_ms": 1.106505747884512, "users": 4, "packed": true, "segment": 1}}, {"position": 131178, "rows": 4, "committed": 4, "draft_ms": 0.07362011820077896, "verify_host_ms": 86.08175674453378, "commit_host_ms": 23.294006008654833, "cycle_ms": 423.4871962107718, "outside_phases_ms": 314.0378133393824, "verifier": {"input_ms": 0.8199252188205719, "verify_readback_ms": 76.69165497645736, "binding_validation_ms": 0.3422219306230545, "carry_restore_ms": 8.19093408063054, "carry_restored": true, "singleton_position_uploads": 4, "blocking_trace_host_ms": 76.33418403565884, "replay_checks_sync_ms": 0.07837964221835136, "output_readback_host_ms": 0.2790912985801697}}, {"position": 131182, "rows": 4, "committed": 1, "draft_ms": 0.1209508627653122, "verify_host_ms": 88.09020696207881, "commit_host_ms": 20.011788234114647, "cycle_ms": 495.5052952282131, "outside_phases_ms": 387.2823491692543, "verifier": {"input_ms": 0.6320341490209103, "verify_readback_ms": 77.55118003115058, "binding_validation_ms": 0.2980511635541916, "carry_restore_ms": 9.579451754689217, "carry_restored": true, "singleton_position_uploads": 4, "blocking_trace_host_ms": 76.31296385079622, "replay_checks_sync_ms": 0.9949840605258942, "output_readback_host_ms": 0.2432321198284626}}, {"position": 131183, "rows": 4, "committed": 1, "draft_ms": 0.0721900723874569, "verify_host_ms": 86.46018896251917, "commit_host_ms": 20.80187201499939, "cycle_ms": 445.5433445982635, "outside_phases_ms": 338.2090935483575, "verifier": {"input_ms": 0.6676940247416496, "verify_readback_ms": 77.41893967613578, "binding_validation_ms": 0.32626232132315636, "carry_restore_ms": 8.016332983970642, "carry_restored": true, "singleton_position_uploads": 4, "blocking_trace_host_ms": 76.36425411328673, "replay_checks_sync_ms": 0.8751447312533855, "output_readback_host_ms": 0.17954083159565926}}, {"position": 131184, "rows": 4, "committed": 1, "draft_ms": 0.1807711087167263, "verify_host_ms": 85.85389517247677, "commit_host_ms": 19.667746033519506, "cycle_ms": 466.8598002754152, "outside_phases_ms": 361.1573879607022, "verifier": {"input_ms": 0.5980432033538818, "verify_readback_ms": 77.25591911002994, "binding_validation_ms": 0.4821019247174263, "carry_restore_ms": 7.483601104468107, "carry_restored": true, "singleton_position_uploads": 4, "blocking_trace_host_ms": 76.30801293998957, "replay_checks_sync_ms": 0.7616449147462845, "output_readback_host_ms": 0.18626125529408455}}, {"position": 131185, "rows": 4, "committed": 1, "draft_ms": 0.0769500620663166, "verify_host_ms": 85.28103213757277, "commit_host_ms": 19.49489489197731, "cycle_ms": 354.982643853873, "outside_phases_ms": 250.12976676225662, "verifier": {"input_ms": 0.5793827585875988, "verify_readback_ms": 77.14203791692853, "binding_validation_ms": 0.26158103719353676, "carry_restore_ms": 7.272330112755299, "carry_restored": true, "singleton_position_uploads": 4, "blocking_trace_host_ms": 76.26482378691435, "replay_checks_sync_ms": 0.7444731891155243, "output_readback_host_ms": 0.13274094089865685}}, {"position": 131186, "rows": 4, "committed": 1, "draft_ms": 0.08213100954890251, "verify_host_ms": 87.8322166390717, "commit_host_ms": 54.29615406319499, "cycle_ms": 398.2184589840472, "outside_phases_ms": 256.0079572722316, "verifier": {"input_ms": 0.6627142429351807, "verify_readback_ms": 78.0339827761054, "binding_validation_ms": 0.3717117942869663, "carry_restore_ms": 8.732357062399387, "carry_restored": true, "singleton_position_uploads": 4, "blocking_trace_host_ms": 76.33040379732847, "replay_checks_sync_ms": 1.060164999216795, "output_readback_host_ms": 0.6434139795601368}}, {"position": 131187, "rows": 4, "committed": 1, "draft_ms": 0.0819801352918148, "verify_host_ms": 90.35628009587526, "commit_host_ms": 23.69337808340788, "cycle_ms": 379.1648051701486, "outside_phases_ms": 265.03316685557365, "verifier": {"input_ms": 0.7170038297772408, "verify_readback_ms": 77.41788914427161, "binding_validation_ms": 0.48644328489899635, "carry_restore_ms": 11.701832991093397, "carry_restored": true, "singleton_position_uploads": 4, "blocking_trace_host_ms": 76.27729326486588, "replay_checks_sync_ms": 0.9298748336732388, "output_readback_host_ms": 0.21072104573249817}}, {"position": 131188, "rows": 4, "committed": 2, "draft_ms": 0.09131012484431267, "verify_host_ms": 87.21847319975495, "commit_host_ms": 20.949043799191713, "cycle_ms": 375.0627227127552, "outside_phases_ms": 266.8038955889642, "verifier": {"input_ms": 0.7287641055881977, "verify_readback_ms": 77.72373082116246, "binding_validation_ms": 0.3950130194425583, "carry_restore_ms": 8.338674902915955, "carry_restored": true, "singleton_position_uploads": 4, "blocking_trace_host_ms": 76.33101381361485, "replay_checks_sync_ms": 1.1236662976443768, "output_readback_host_ms": 0.2690507099032402}}, {"position": 131190, "rows": 4, "committed": 1, "draft_ms": 0.11526094749569893, "verify_host_ms": 89.1167027875781, "commit_host_ms": 30.39042418822646, "cycle_ms": 405.3211463615298, "outside_phases_ms": 285.69875843822956, "verifier": {"input_ms": 3.202756866812706, "verify_readback_ms": 77.45189033448696, "binding_validation_ms": 0.33170217648148537, "carry_restore_ms": 8.101894054561853, "carry_restored": true, "singleton_position_uploads": 4, "blocking_trace_host_ms": 76.2997642159462, "replay_checks_sync_ms": 0.865694135427475, "output_readback_host_ms": 0.2864319831132889}}, {"position": 131191, "rows": 4, "committed": 1, "draft_ms": 0.08877087384462357, "verify_host_ms": 86.36273769661784, "commit_host_ms": 26.452793274074793, "cycle_ms": 382.0564108900726, "outside_phases_ms": 269.1521090455353, "verifier": {"input_ms": 0.6475429981946945, "verify_readback_ms": 77.59429095312953, "binding_validation_ms": 0.3630821593105793, "carry_restore_ms": 7.724781986325979, "carry_restored": true, "singleton_position_uploads": 4, "blocking_trace_host_ms": 76.32450386881828, "replay_checks_sync_ms": 1.02653494104743, "output_readback_host_ms": 0.24325214326381683}}, {"position": 131192, "rows": 4, "committed": 1, "draft_ms": 0.07177982479333878, "verify_host_ms": 86.98598202317953, "commit_host_ms": 16.547879204154015, "cycle_ms": 430.86311500519514, "outside_phases_ms": 327.25747395306826, "verifier": {"input_ms": 0.6620730273425579, "verify_readback_ms": 77.18455931171775, "binding_validation_ms": 0.39002299308776855, "carry_restore_ms": 8.7214270606637, "carry_restored": true, "singleton_position_uploads": 4, "blocking_trace_host_ms": 76.34277362376451, "replay_checks_sync_ms": 0.700884498655796, "output_readback_host_ms": 0.14090118929743767}}, {"position": 131193, "rows": 4, "committed": 1, "draft_ms": 0.08099991828203201, "verify_host_ms": 85.51247278228402, "commit_host_ms": 15.46573406085372, "cycle_ms": 351.2118039652705, "outside_phases_ms": 250.15259720385075, "verifier": {"input_ms": 0.5854228511452675, "verify_readback_ms": 77.01893709599972, "binding_validation_ms": 0.2745208330452442, "carry_restore_ms": 7.608531974256039, "carry_restored": true, "singleton_position_uploads": 4, "blocking_trace_host_ms": 76.3181340880692, "replay_checks_sync_ms": 0.5786721594631672, "output_readback_host_ms": 0.12213084846735}}, {"position": 131194, "rows": 4, "committed": 1, "draft_ms": 0.07244991138577461, "verify_host_ms": 85.4204730130732, "commit_host_ms": 15.770094934850931, "cycle_ms": 350.7810109294951, "outside_phases_ms": 249.51799307018518, "verifier": {"input_ms": 0.5862931720912457, "verify_readback_ms": 77.01367791742086, "binding_validation_ms": 0.28558215126395226, "carry_restore_ms": 7.509979885071516, "carry_restored": true, "singleton_position_uploads": 4, "blocking_trace_host_ms": 76.27847325056791, "replay_checks_sync_ms": 0.5785836838185787, "output_readback_host_ms": 0.15662098303437233}}, {"position": 131195, "rows": 4, "committed": 1, "draft_ms": 0.10612001642584801, "verify_host_ms": 86.91076096147299, "commit_host_ms": 24.167741183191538, "cycle_ms": 376.01411808282137, "outside_phases_ms": 264.829495921731, "verifier": {"input_ms": 0.7101339288055897, "verify_readback_ms": 77.58521009236574, "binding_validation_ms": 0.34520169720053673, "carry_restore_ms": 8.236345369368792, "carry_restored": true, "singleton_position_uploads": 4, "blocking_trace_host_ms": 76.29719423130155, "replay_checks_sync_ms": 1.0269847698509693, "output_readback_host_ms": 0.2610310912132263}}, {"position": 131196, "rows": 4, "committed": 1, "draft_ms": 0.10763993486762047, "verify_host_ms": 87.18406315892935, "commit_host_ms": 21.36010490357876, "cycle_ms": 373.69152484461665, "outside_phases_ms": 265.0397168472409, "verifier": {"input_ms": 0.6046830676496029, "verify_readback_ms": 78.6853670142591, "binding_validation_ms": 0.2590320073068142, "carry_restore_ms": 7.596300914883614, "carry_restored": true, "singleton_position_uploads": 4, "blocking_trace_host_ms": 76.28544326871634, "replay_checks_sync_ms": 1.676070038229227, "output_readback_host_ms": 0.7238537073135376}}, {"position": 131197, "rows": 4, "committed": 1, "draft_ms": 0.08529098704457283, "verify_host_ms": 87.34906278550625, "commit_host_ms": 60.465948190540075, "cycle_ms": 416.6969391517341, "outside_phases_ms": 268.7966371886432, "verifier": {"input_ms": 0.7148832082748413, "verify_readback_ms": 77.98613281920552, "binding_validation_ms": 0.34109223634004593, "carry_restore_ms": 8.275204803794622, "carry_restored": true, "singleton_position_uploads": 4, "blocking_trace_host_ms": 76.29621401429176, "replay_checks_sync_ms": 1.442768145352602, "output_readback_host_ms": 0.24715065956115723}}, {"position": 131198, "rows": 4, "committed": 1, "draft_ms": 0.15011103823781013, "verify_host_ms": 93.8341086730361, "commit_host_ms": 19.646127242594957, "cycle_ms": 428.5220829769969, "outside_phases_ms": 314.89173602312803, "verifier": {"input_ms": 0.7000938057899475, "verify_readback_ms": 81.22469019144773, "binding_validation_ms": 0.3326907753944397, "carry_restore_ms": 11.54115330427885, "carry_restored": true, "singleton_position_uploads": 4, "blocking_trace_host_ms": 76.33542409166694, "replay_checks_sync_ms": 1.2513557448983192, "output_readback_host_ms": 3.6379103548824787}}, {"position": 131199, "rows": 4, "committed": 1, "draft_ms": 0.0969800166785717, "verify_host_ms": 85.37437301129103, "commit_host_ms": 23.780479095876217, "cycle_ms": 370.2943571843207, "outside_phases_ms": 261.0425250604749, "verifier": {"input_ms": 0.5563832819461823, "verify_readback_ms": 77.20358902588487, "binding_validation_ms": 0.2540810965001583, "carry_restore_ms": 7.330179680138826, "carry_restored": true, "singleton_position_uploads": 4, "blocking_trace_host_ms": 76.30783319473267, "replay_checks_sync_ms": 0.7222346030175686, "output_readback_host_ms": 0.1735212281346321}}, {"position": 131200, "rows": 4, "committed": 1, "draft_ms": 0.07763970643281937, "verify_host_ms": 85.71066474542022, "commit_host_ms": 21.36432519182563, "cycle_ms": 372.66440875828266, "outside_phases_ms": 265.511779114604, "verifier": {"input_ms": 0.6607137620449066, "verify_readback_ms": 77.24270783364773, "binding_validation_ms": 0.3013620153069496, "carry_restore_ms": 7.477300241589546, "carry_restored": true, "singleton_position_uploads": 4, "blocking_trace_host_ms": 76.32324425503612, "replay_checks_sync_ms": 0.7355925627052784, "output_readback_host_ms": 0.18387101590633392}}, {"position": 131201, "rows": 4, "committed": 1, "draft_ms": 0.07407134398818016, "verify_host_ms": 87.0851818472147, "commit_host_ms": 21.258095279335976, "cycle_ms": 371.178672183305, "outside_phases_ms": 262.76132371276617, "verifier": {"input_ms": 0.5666031502187252, "verify_readback_ms": 78.14950402826071, "binding_validation_ms": 0.2491110935807228, "carry_restore_ms": 8.09382414445281, "carry_restored": true, "singleton_position_uploads": 4, "blocking_trace_host_ms": 76.28086302429438, "replay_checks_sync_ms": 1.6578896902501583, "output_readback_host_ms": 0.21075131371617317}}, {"position": 131202, "rows": 4, "committed": 1, "draft_ms": 0.07373979315161705, "verify_host_ms": 86.73202991485596, "commit_host_ms": 16.042507253587246, "cycle_ms": 385.19292790442705, "outside_phases_ms": 282.34465094283223, "verifier": {"input_ms": 0.5687628872692585, "verify_readback_ms": 78.09754274785519, "binding_validation_ms": 0.2673608250916004, "carry_restore_ms": 7.7644232660532, "carry_restored": true, "singleton_position_uploads": 4, "blocking_trace_host_ms": 76.28029398620129, "replay_checks_sync_ms": 1.498216763138771, "output_readback_host_ms": 0.3190319985151291}}, {"position": 131203, "rows": 4, "committed": 1, "draft_ms": 0.09969109669327736, "verify_host_ms": 87.98212697729468, "commit_host_ms": 18.701011780649424, "cycle_ms": 373.239372856915, "outside_phases_ms": 266.4565430022776, "verifier": {"input_ms": 0.7290840148925781, "verify_readback_ms": 77.59869005531073, "binding_validation_ms": 0.40564173832535744, "carry_restore_ms": 9.212750010192394, "carry_restored": true, "singleton_position_uploads": 4, "blocking_trace_host_ms": 76.30687393248081, "replay_checks_sync_ms": 1.0147951543331146, "output_readback_host_ms": 0.27702096849679947}}, {"position": 131204, "rows": 4, "committed": 1, "draft_ms": 0.09411992505192757, "verify_host_ms": 88.3734691888094, "commit_host_ms": 34.39385676756501, "cycle_ms": 405.1778260618448, "outside_phases_ms": 282.3163801804185, "verifier": {"input_ms": 0.615003053098917, "verify_readback_ms": 78.34267523139715, "binding_validation_ms": 0.37590181455016136, "carry_restore_ms": 9.003357961773872, "carry_restored": true, "singleton_position_uploads": 4, "blocking_trace_host_ms": 76.27857383340597, "replay_checks_sync_ms": 1.2323474511504173, "output_readback_host_ms": 0.8317539468407631}}, {"position": 131205, "rows": 4, "committed": 1, "draft_ms": 0.10373024269938469, "verify_host_ms": 86.6130287759006, "commit_host_ms": 20.014839246869087, "cycle_ms": 376.2458092533052, "outside_phases_ms": 269.5142109878361, "verifier": {"input_ms": 0.6278441287577152, "verify_readback_ms": 77.44829868897796, "binding_validation_ms": 0.30475202947854996, "carry_restore_ms": 8.203243836760521, "carry_restored": true, "singleton_position_uploads": 4, "blocking_trace_host_ms": 76.31989428773522, "replay_checks_sync_ms": 0.8873036131262779, "output_readback_host_ms": 0.24110078811645508}}, {"position": 131206, "rows": 4, "committed": 1, "draft_ms": 0.08023111149668694, "verify_host_ms": 86.66163869202137, "commit_host_ms": 22.840514313429594, "cycle_ms": 371.4223629795015, "outside_phases_ms": 261.83997886255383, "verifier": {"input_ms": 0.6772340275347233, "verify_readback_ms": 77.43705902248621, "binding_validation_ms": 0.32020220533013344, "carry_restore_ms": 8.195723872631788, "carry_restored": true, "singleton_position_uploads": 4, "blocking_trace_host_ms": 76.3245141133666, "replay_checks_sync_ms": 0.8884039707481861, "output_readback_host_ms": 0.2241409383714199}}, {"position": 131207, "rows": 4, "committed": 1, "draft_ms": 0.09900098666548729, "verify_host_ms": 86.73282992094755, "commit_host_ms": 19.95616825297475, "cycle_ms": 370.86518993601203, "outside_phases_ms": 264.07719077542424, "verifier": {"input_ms": 0.6906040944159031, "verify_readback_ms": 77.57217017933726, "binding_validation_ms": 0.2845022827386856, "carry_restore_ms": 8.150683715939522, "carry_restored": true, "singleton_position_uploads": 4, "blocking_trace_host_ms": 76.30584388971329, "replay_checks_sync_ms": 0.971764326095581, "output_readback_host_ms": 0.2945619635283947}}, {"position": 131208, "rows": 4, "committed": 1, "draft_ms": 0.07581990212202072, "verify_host_ms": 86.33959898725152, "commit_host_ms": 22.896443959325552, "cycle_ms": 365.23797968402505, "outside_phases_ms": 255.92611683532596, "verifier": {"input_ms": 0.7134340703487396, "verify_readback_ms": 77.31836754828691, "binding_validation_ms": 0.3363415598869324, "carry_restore_ms": 7.93163338676095, "carry_restored": true, "singleton_position_uploads": 4, "blocking_trace_host_ms": 76.27525413408875, "replay_checks_sync_ms": 0.7731826044619083, "output_readback_host_ms": 0.26993080973625183}}, {"position": 131209, "rows": 4, "committed": 1, "draft_ms": 0.12818071991205215, "verify_host_ms": 86.42721781507134, "commit_host_ms": 19.609726034104824, "cycle_ms": 368.2100852020085, "outside_phases_ms": 262.04496063292027, "verifier": {"input_ms": 0.6369934417307377, "verify_readback_ms": 77.15735770761967, "binding_validation_ms": 0.31025195494294167, "carry_restore_ms": 8.294944651424885, "carry_restored": true, "singleton_position_uploads": 4, "blocking_trace_host_ms": 76.26934302970767, "replay_checks_sync_ms": 0.7176538929343224, "output_readback_host_ms": 0.17036078497767448}}, {"position": 131210, "rows": 4, "committed": 1, "draft_ms": 0.09251059964299202, "verify_host_ms": 86.30722807720304, "commit_host_ms": 20.780532155185938, "cycle_ms": 373.7701061181724, "outside_phases_ms": 266.58983528614044, "verifier": {"input_ms": 0.6915531121194363, "verify_readback_ms": 77.32986006885767, "binding_validation_ms": 0.25075115263462067, "carry_restore_ms": 8.005613926798105, "carry_restored": true, "singleton_position_uploads": 4, "blocking_trace_host_ms": 76.26531319692731, "replay_checks_sync_ms": 0.8332845754921436, "output_readback_host_ms": 0.23126229643821716}}, {"position": 131211, "rows": 4, "committed": 1, "draft_ms": 0.09351130574941635, "verify_host_ms": 86.47921914234757, "commit_host_ms": 18.18508794531226, "cycle_ms": 361.2605077214539, "outside_phases_ms": 256.50268932804465, "verifier": {"input_ms": 0.5578729324042797, "verify_readback_ms": 77.16336892917752, "binding_validation_ms": 0.3008320927619934, "carry_restore_ms": 8.432085160166025, "carry_restored": true, "singleton_position_uploads": 4, "blocking_trace_host_ms": 76.26387290656567, "replay_checks_sync_ms": 0.7409653626382351, "output_readback_host_ms": 0.15853065997362137}}, {"position": 131212, "rows": 4, "committed": 1, "draft_ms": 0.09470107033848763, "verify_host_ms": 91.98802802711725, "commit_host_ms": 18.66741105914116, "cycle_ms": 366.45193630829453, "outside_phases_ms": 255.70179615169764, "verifier": {"input_ms": 0.7610451430082321, "verify_readback_ms": 77.23426772281528, "binding_validation_ms": 0.3715422935783863, "carry_restore_ms": 13.597502838820219, "carry_restored": true, "singleton_position_uploads": 4, "blocking_trace_host_ms": 76.25580299645662, "replay_checks_sync_ms": 0.8125640451908112, "output_readback_host_ms": 0.16590068116784096}}, {"position": 131213, "rows": 4, "committed": 1, "draft_ms": 0.08421111851930618, "verify_host_ms": 91.12824406474829, "commit_host_ms": 24.977904744446278, "cycle_ms": 380.7907737791538, "outside_phases_ms": 264.60041385143995, "verifier": {"input_ms": 1.9425409846007824, "verify_readback_ms": 77.67461100593209, "binding_validation_ms": 0.3906320780515671, "carry_restore_ms": 11.08466973528266, "carry_restored": true, "singleton_position_uploads": 4, "blocking_trace_host_ms": 76.30043383687735, "replay_checks_sync_ms": 1.0611251927912235, "output_readback_host_ms": 0.3130519762635231}}, {"position": 131214, "rows": 4, "committed": 1, "draft_ms": 0.09097112342715263, "verify_host_ms": 88.07155722752213, "commit_host_ms": 25.530769024044275, "cycle_ms": 387.395610101521, "outside_phases_ms": 273.70231272652745, "verifier": {"input_ms": 0.7858248427510262, "verify_readback_ms": 77.43010902777314, "binding_validation_ms": 0.3229621797800064, "carry_restore_ms": 9.505210909992456, "carry_restored": true, "singleton_position_uploads": 4, "blocking_trace_host_ms": 76.28481276333332, "replay_checks_sync_ms": 0.9597055613994598, "output_readback_host_ms": 0.1855907030403614}}, {"position": 131215, "rows": 4, "committed": 1, "draft_ms": 0.08015008643269539, "verify_host_ms": 87.0500123128295, "commit_host_ms": 20.27646964415908, "cycle_ms": 380.9989048168063, "outside_phases_ms": 273.59227277338505, "verifier": {"input_ms": 0.5949228070676327, "verify_readback_ms": 78.48347630351782, "binding_validation_ms": 0.29815221205353737, "carry_restore_ms": 7.642070762813091, "carry_restored": true, "singleton_position_uploads": 4, "blocking_trace_host_ms": 76.3150337152183, "replay_checks_sync_ms": 1.9132904708385468, "output_readback_host_ms": 0.2551521174609661}}, {"position": 131216, "rows": 4, "committed": 1, "draft_ms": 0.09709084406495094, "verify_host_ms": 86.20196720585227, "commit_host_ms": 25.831189937889576, "cycle_ms": 381.1857760883868, "outside_phases_ms": 269.05552810058, "verifier": {"input_ms": 0.6130225956439972, "verify_readback_ms": 77.25952938199043, "binding_validation_ms": 0.31519075855612755, "carry_restore_ms": 7.9869842156767845, "carry_restored": true, "singleton_position_uploads": 4, "blocking_trace_host_ms": 76.31357293576002, "replay_checks_sync_ms": 0.7710852660238743, "output_readback_host_ms": 0.17487118020653725}}, {"position": 131217, "rows": 4, "committed": 1, "draft_ms": 0.09757094085216522, "verify_host_ms": 87.87771686911583, "commit_host_ms": 23.84435897693038, "cycle_ms": 382.8987148590386, "outside_phases_ms": 271.0790680721402, "verifier": {"input_ms": 0.745084136724472, "verify_readback_ms": 77.85678189247847, "binding_validation_ms": 0.45963190495967865, "carry_restore_ms": 8.78206780180335, "carry_restored": true, "singleton_position_uploads": 4, "blocking_trace_host_ms": 76.36170415207744, "replay_checks_sync_ms": 1.2485156767070293, "output_readback_host_ms": 0.24656206369400024}}, {"position": 131218, "rows": 4, "committed": 1, "draft_ms": 0.0887010246515274, "verify_host_ms": 87.22177194431424, "commit_host_ms": 22.011689841747284, "cycle_ms": 371.344453189522, "outside_phases_ms": 262.022290378809, "verifier": {"input_ms": 0.674842856824398, "verify_readback_ms": 77.34664902091026, "binding_validation_ms": 0.29925117269158363, "carry_restore_ms": 8.87402892112732, "carry_restored": true, "singleton_position_uploads": 4, "blocking_trace_host_ms": 76.31896389648318, "replay_checks_sync_ms": 0.8158343844115734, "output_readback_host_ms": 0.21185074001550674}}, {"position": 131219, "rows": 4, "committed": 1, "draft_ms": 0.0989898107945919, "verify_host_ms": 87.78809569776058, "commit_host_ms": 21.179335191845894, "cycle_ms": 379.6798479743302, "outside_phases_ms": 270.6134272739291, "verifier": {"input_ms": 0.7331841625273228, "verify_readback_ms": 77.51156995072961, "binding_validation_ms": 0.3683818504214287, "carry_restore_ms": 9.141549933701754, "carry_restored": true, "singleton_position_uploads": 4, "blocking_trace_host_ms": 76.31742395460606, "replay_checks_sync_ms": 0.9412150830030441, "output_readback_host_ms": 0.2529309131205082}}, {"position": 131220, "rows": 4, "committed": 1, "draft_ms": 0.1466609537601471, "verify_host_ms": 89.86695716157556, "commit_host_ms": 19.997757859528065, "cycle_ms": 379.5239860191941, "outside_phases_ms": 269.51261004433036, "verifier": {"input_ms": 0.802334863692522, "verify_readback_ms": 77.92128203436732, "binding_validation_ms": 0.38079218938946724, "carry_restore_ms": 10.720157995820045, "carry_restored": true, "singleton_position_uploads": 4, "blocking_trace_host_ms": 76.30037423223257, "replay_checks_sync_ms": 1.3839066959917545, "output_readback_host_ms": 0.23700110614299774}}, {"position": 131221, "rows": 4, "committed": 1, "draft_ms": 0.07676100358366966, "verify_host_ms": 87.44208374992013, "commit_host_ms": 26.044100988656282, "cycle_ms": 376.07597885653377, "outside_phases_ms": 262.5130331143737, "verifier": {"input_ms": 0.7015340961515903, "verify_readback_ms": 78.14684370532632, "binding_validation_ms": 0.30602188780903816, "carry_restore_ms": 8.25356412678957, "carry_restored": true, "singleton_position_uploads": 4, "blocking_trace_host_ms": 76.31951291114092, "replay_checks_sync_ms": 1.569138839840889, "output_readback_host_ms": 0.25819195434451103}}, {"position": 131222, "rows": 4, "committed": 1, "draft_ms": 0.10687066242098808, "verify_host_ms": 86.80291008204222, "commit_host_ms": 24.255781900137663, "cycle_ms": 381.3858269713819, "outside_phases_ms": 270.22026432678103, "verifier": {"input_ms": 0.6504030898213387, "verify_readback_ms": 77.49928999692202, "binding_validation_ms": 0.3254520706832409, "carry_restore_ms": 8.29534512013197, "carry_restored": true, "singleton_position_uploads": 4, "blocking_trace_host_ms": 76.31593383848667, "replay_checks_sync_ms": 0.9361952543258667, "output_readback_host_ms": 0.247160904109478}}, {"position": 131223, "rows": 4, "committed": 1, "draft_ms": 0.09634997695684433, "verify_host_ms": 85.51163272932172, "commit_host_ms": 15.725166071206331, "cycle_ms": 357.6980191282928, "outside_phases_ms": 256.3648703508079, "verifier": {"input_ms": 0.5573825910687447, "verify_readback_ms": 77.30244938284159, "binding_validation_ms": 0.2600010484457016, "carry_restore_ms": 7.362860254943371, "carry_restored": true, "singleton_position_uploads": 4, "blocking_trace_host_ms": 76.29039278253913, "replay_checks_sync_ms": 0.8190255612134933, "output_readback_host_ms": 0.19303103908896446}}, {"position": 131224, "rows": 4, "committed": 1, "draft_ms": 0.07543107494711876, "verify_host_ms": 86.87600120902061, "commit_host_ms": 17.552544828504324, "cycle_ms": 380.4140710271895, "outside_phases_ms": 275.91009391471744, "verifier": {"input_ms": 0.6981142796576023, "verify_readback_ms": 77.67764059826732, "binding_validation_ms": 0.3890516236424446, "carry_restore_ms": 8.066703099757433, "carry_restored": true, "singleton_position_uploads": 4, "blocking_trace_host_ms": 76.3114239089191, "replay_checks_sync_ms": 1.139235682785511, "output_readback_host_ms": 0.2269810065627098}}, {"position": 131225, "rows": 4, "committed": 1, "draft_ms": 0.08583115413784981, "verify_host_ms": 86.20267733931541, "commit_host_ms": 16.47509867325425, "cycle_ms": 376.0467078536749, "outside_phases_ms": 273.2831006869674, "verifier": {"input_ms": 0.6045629270374775, "verify_readback_ms": 77.0842982456088, "binding_validation_ms": 0.30248193070292473, "carry_restore_ms": 8.185714017599821, "carry_restored": true, "singleton_position_uploads": 4, "blocking_trace_host_ms": 76.26449409872293, "replay_checks_sync_ms": 0.6657829508185387, "output_readback_host_ms": 0.15402119606733322}}, {"position": 131226, "rows": 4, "committed": 1, "draft_ms": 0.07641967386007309, "verify_host_ms": 88.74657098203897, "commit_host_ms": 26.585653889924288, "cycle_ms": 382.5505841523409, "outside_phases_ms": 267.14193960651755, "verifier": {"input_ms": 0.6242431700229645, "verify_readback_ms": 77.36676000058651, "binding_validation_ms": 0.29066111892461777, "carry_restore_ms": 10.432216804474592, "carry_restored": true, "singleton_position_uploads": 4, "blocking_trace_host_ms": 76.26730389893055, "replay_checks_sync_ms": 0.872485339641571, "output_readback_host_ms": 0.22697076201438904}}, {"position": 131227, "rows": 4, "committed": 1, "draft_ms": 0.0855601392686367, "verify_host_ms": 87.19894289970398, "commit_host_ms": 23.026415146887302, "cycle_ms": 376.91233307123184, "outside_phases_ms": 266.6014148853719, "verifier": {"input_ms": 0.7309741340577602, "verify_readback_ms": 77.74325087666512, "binding_validation_ms": 0.3576120361685753, "carry_restore_ms": 8.336045779287815, "carry_restored": true, "singleton_position_uploads": 4, "blocking_trace_host_ms": 76.3211427256465, "replay_checks_sync_ms": 1.1980975978076458, "output_readback_host_ms": 0.22401055321097374}}, {"position": 131228, "rows": 4, "committed": 1, "draft_ms": 0.12153992429375648, "verify_host_ms": 85.49873298034072, "commit_host_ms": 20.120578818023205, "cycle_ms": 359.84971979632974, "outside_phases_ms": 254.10886807367206, "verifier": {"input_ms": 0.5784831009805202, "verify_readback_ms": 76.92466722801328, "binding_validation_ms": 0.2730810083448887, "carry_restore_ms": 7.70028168335557, "carry_restored": true, "singleton_position_uploads": 4, "blocking_trace_host_ms": 76.2708829715848, "replay_checks_sync_ms": 0.549783930182457, "output_readback_host_ms": 0.10400032624602318}}, {"position": 131229, "rows": 4, "committed": 2, "draft_ms": 0.14892127364873886, "verify_host_ms": 88.40983966365457, "commit_host_ms": 23.548527155071497, "cycle_ms": 370.3258871100843, "outside_phases_ms": 258.2185990177095, "verifier": {"input_ms": 0.6761839613318443, "verify_readback_ms": 77.63795088976622, "binding_validation_ms": 0.3409208729863167, "carry_restore_ms": 9.720173198729753, "carry_restored": true, "singleton_position_uploads": 4, "blocking_trace_host_ms": 76.35082397609949, "replay_checks_sync_ms": 1.0102950036525726, "output_readback_host_ms": 0.2768319100141525}}, {"position": 131231, "rows": 4, "committed": 4, "draft_ms": 0.08906004950404167, "verify_host_ms": 86.23463800176978, "commit_host_ms": 25.59508802369237, "cycle_ms": 371.426512952894, "outside_phases_ms": 259.5077268779278, "verifier": {"input_ms": 0.6141532212495804, "verify_readback_ms": 77.59013073518872, "binding_validation_ms": 0.3039422444999218, "carry_restore_ms": 7.693011779338121, "carry_restored": true, "singleton_position_uploads": 4, "blocking_trace_host_ms": 76.36208413168788, "replay_checks_sync_ms": 0.9784945286810398, "output_readback_host_ms": 0.24955207481980324}}, {"position": 131235, "rows": 4, "committed": 1, "draft_ms": 0.11932989582419395, "verify_host_ms": 87.13846281170845, "commit_host_ms": 18.396188970655203, "cycle_ms": 365.8108930103481, "outside_phases_ms": 260.15691133216023, "verifier": {"input_ms": 0.6794938817620277, "verify_readback_ms": 77.37191906198859, "binding_validation_ms": 0.36413222551345825, "carry_restore_ms": 8.69345711544156, "carry_restored": true, "singleton_position_uploads": 4, "blocking_trace_host_ms": 76.30922319367528, "replay_checks_sync_ms": 0.8517946116626263, "output_readback_host_ms": 0.21090125665068626}}, {"position": 131236, "rows": 4, "committed": 1, "draft_ms": 0.07872004061937332, "verify_host_ms": 86.59460907801986, "commit_host_ms": 21.82401902973652, "cycle_ms": 382.45411310344934, "outside_phases_ms": 273.9567649550736, "verifier": {"input_ms": 0.7185540162026882, "verify_readback_ms": 77.5518799200654, "binding_validation_ms": 0.31448109075427055, "carry_restore_ms": 7.979953195899725, "carry_restored": true, "singleton_position_uploads": 4, "blocking_trace_host_ms": 76.31937367841601, "replay_checks_sync_ms": 1.0371850803494453, "output_readback_host_ms": 0.19532116129994392}}, {"position": 131237, "rows": 4, "committed": 1, "draft_ms": 0.1023709774017334, "verify_host_ms": 94.58356257528067, "commit_host_ms": 21.370365284383297, "cycle_ms": 387.71671103313565, "outside_phases_ms": 271.66041219606996, "verifier": {"input_ms": 0.9242147207260132, "verify_readback_ms": 77.86947302520275, "binding_validation_ms": 0.3359518013894558, "carry_restore_ms": 15.420693438500166, "carry_restored": true, "singleton_position_uploads": 4, "blocking_trace_host_ms": 76.36900385841727, "replay_checks_sync_ms": 1.2332871556282043, "output_readback_host_ms": 0.26718201115727425}}, {"position": 131238, "rows": 4, "committed": 1, "draft_ms": 0.0808006152510643, "verify_host_ms": 89.4622253254056, "commit_host_ms": 23.77732889726758, "cycle_ms": 382.1638720110059, "outside_phases_ms": 268.84351717308164, "verifier": {"input_ms": 0.6897537969052792, "verify_readback_ms": 77.99213286489248, "binding_validation_ms": 0.2916809171438217, "carry_restore_ms": 10.455487295985222, "carry_restored": true, "singleton_position_uploads": 4, "blocking_trace_host_ms": 76.28471404314041, "replay_checks_sync_ms": 1.4461269602179527, "output_readback_host_ms": 0.26129186153411865}}, {"position": 131239, "rows": 4, "committed": 1, "draft_ms": 0.09454041719436646, "verify_host_ms": 86.04657696560025, "commit_host_ms": 21.664557047188282, "cycle_ms": 366.7099070735276, "outside_phases_ms": 258.9042326435447, "verifier": {"input_ms": 0.5614031106233597, "verify_readback_ms": 77.12440798059106, "binding_validation_ms": 0.24585099890828133, "carry_restore_ms": 8.089033886790276, "carry_restored": true, "singleton_position_uploads": 4, "blocking_trace_host_ms": 76.28497388213873, "replay_checks_sync_ms": 0.677403062582016, "output_readback_host_ms": 0.16203103587031364}}, {"position": 131240, "rows": 4, "committed": 1, "draft_ms": 0.07602106779813766, "verify_host_ms": 86.47082932293415, "commit_host_ms": 16.911410726606846, "cycle_ms": 357.7996687963605, "outside_phases_ms": 254.34140767902136, "verifier": {"input_ms": 0.5264231003820896, "verify_readback_ms": 77.35148910433054, "binding_validation_ms": 0.2787420526146889, "carry_restore_ms": 8.286525029689074, "carry_restored": true, "singleton_position_uploads": 4, "blocking_trace_host_ms": 76.28100272268057, "replay_checks_sync_ms": 0.8795452304184437, "output_readback_host_ms": 0.19094115123152733}}, {"position": 131241, "rows": 4, "committed": 1, "draft_ms": 0.0880206935107708, "verify_host_ms": 86.15440735593438, "commit_host_ms": 19.046803005039692, "cycle_ms": 356.42677219584584, "outside_phases_ms": 251.137541141361, "verifier": {"input_ms": 0.5797427147626877, "verify_readback_ms": 77.32091890648007, "binding_validation_ms": 0.2866322174668312, "carry_restore_ms": 7.9418630339205265, "carry_restored": true, "singleton_position_uploads": 4, "blocking_trace_host_ms": 76.28581393510103, "replay_checks_sync_ms": 0.8153440430760384, "output_readback_host_ms": 0.2197609283030033}}, {"position": 131242, "rows": 4, "committed": 1, "draft_ms": 0.08596107363700867, "verify_host_ms": 88.72437104582787, "commit_host_ms": 19.913797732442617, "cycle_ms": 369.190810713917, "outside_phases_ms": 260.4666808620095, "verifier": {"input_ms": 0.5432330071926117, "verify_readback_ms": 77.33020884916186, "binding_validation_ms": 0.29353192076087, "carry_restore_ms": 10.5352271348238, "carry_restored": true, "singleton_position_uploads": 4, "blocking_trace_host_ms": 76.288603246212, "replay_checks_sync_ms": 0.8941949345171452, "output_readback_host_ms": 0.14741066843271255}}, {"position": 131243, "rows": 4, "committed": 1, "draft_ms": 0.0910111702978611, "verify_host_ms": 86.24602667987347, "commit_host_ms": 19.513586070388556, "cycle_ms": 362.31979401782155, "outside_phases_ms": 256.46917009726167, "verifier": {"input_ms": 0.6907638162374496, "verify_readback_ms": 77.20124814659357, "binding_validation_ms": 0.2641710452735424, "carry_restore_ms": 8.058364037424326, "carry_restored": true, "singleton_position_uploads": 4, "blocking_trace_host_ms": 76.27801410853863, "replay_checks_sync_ms": 0.7089432328939438, "output_readback_host_ms": 0.2142908051609993}}, {"position": 131244, "rows": 4, "committed": 1, "draft_ms": 0.08604070171713829, "verify_host_ms": 87.10792195051908, "commit_host_ms": 25.097555946558714, "cycle_ms": 260.5277020484209, "outside_phases_ms": 148.23618344962597, "verifier": {"input_ms": 0.6218040362000465, "verify_readback_ms": 77.52255024388433, "binding_validation_ms": 0.414832029491663, "carry_restore_ms": 8.528165984898806, "carry_restored": true, "singleton_position_uploads": 4, "blocking_trace_host_ms": 76.35284308344126, "replay_checks_sync_ms": 0.9564259089529514, "output_readback_host_ms": 0.21328125149011612}}, {"position": 131245, "rows": 4, "committed": 1, "draft_ms": 0.09163981303572655, "verify_host_ms": 89.40038410946727, "commit_host_ms": 20.413510967046022, "cycle_ms": 254.6483799815178, "outside_phases_ms": 144.74284509196877, "verifier": {"input_ms": 0.631352886557579, "verify_readback_ms": 77.3579990491271, "binding_validation_ms": 0.4554721526801586, "carry_restore_ms": 10.935530066490173, "carry_restored": true, "singleton_position_uploads": 4, "blocking_trace_host_ms": 76.30149275064468, "replay_checks_sync_ms": 0.8835163898766041, "output_readback_host_ms": 0.17298990860581398}}, {"position": 131246, "rows": 4, "committed": 1, "draft_ms": 0.07613003253936768, "verify_host_ms": 89.21090420335531, "commit_host_ms": 26.767154689878225, "cycle_ms": 248.99009987711906, "outside_phases_ms": 132.93591095134616, "verifier": {"input_ms": 0.6011142395436764, "verify_readback_ms": 77.64839101582766, "binding_validation_ms": 0.44153304770588875, "carry_restore_ms": 10.5000757612288, "carry_restored": true, "singleton_position_uploads": 4, "blocking_trace_host_ms": 76.32973417639732, "replay_checks_sync_ms": 1.0802745819091797, "output_readback_host_ms": 0.2383822575211525}}, {"position": 131247, "rows": 4, "committed": 1, "draft_ms": 0.09600026533007622, "verify_host_ms": 87.76077488437295, "commit_host_ms": 18.31717975437641, "cycle_ms": 237.83075902611017, "outside_phases_ms": 131.65680412203074, "verifier": {"input_ms": 0.5581132136285305, "verify_readback_ms": 77.19711773097515, "binding_validation_ms": 0.5036820657551289, "carry_restore_ms": 9.486102033406496, "carry_restored": true, "singleton_position_uploads": 4, "blocking_trace_host_ms": 76.27067295834422, "replay_checks_sync_ms": 0.7586437277495861, "output_readback_host_ms": 0.16780104488134384}}, {"position": 131248, "rows": 4, "committed": 1, "draft_ms": 0.09918073192238808, "verify_host_ms": 89.278694242239, "commit_host_ms": 18.068448174744844, "cycle_ms": 236.3862614147365, "outside_phases_ms": 128.93993826583028, "verifier": {"input_ms": 0.5689631216228008, "verify_readback_ms": 77.341518830508, "binding_validation_ms": 0.49952324479818344, "carry_restore_ms": 10.851958766579628, "carry_restored": true, "singleton_position_uploads": 4, "blocking_trace_host_ms": 76.32459420710802, "replay_checks_sync_ms": 0.8466336876153946, "output_readback_host_ms": 0.17029093578457832}}, {"position": 131249, "rows": 4, "committed": 1, "draft_ms": 0.08324999362230301, "verify_host_ms": 90.31768003478646, "commit_host_ms": 18.40493967756629, "cycle_ms": 240.34317256882787, "outside_phases_ms": 131.5373028628528, "verifier": {"input_ms": 0.651863869279623, "verify_readback_ms": 77.51398021355271, "binding_validation_ms": 0.6105238571763039, "carry_restore_ms": 11.523222085088491, "carry_restored": true, "singleton_position_uploads": 4, "blocking_trace_host_ms": 76.3273136690259, "replay_checks_sync_ms": 0.9651053696870804, "output_readback_host_ms": 0.22156117483973503}}, {"position": 131250, "rows": 4, "committed": 1, "draft_ms": 0.08661020547151566, "verify_host_ms": 87.89655566215515, "commit_host_ms": 18.582971300929785, "cycle_ms": 238.8647743500769, "outside_phases_ms": 132.29863718152046, "verifier": {"input_ms": 0.5582529120147228, "verify_readback_ms": 77.50129979103804, "binding_validation_ms": 0.4894728772342205, "carry_restore_ms": 9.324200451374054, "carry_restored": true, "singleton_position_uploads": 4, "blocking_trace_host_ms": 76.33269391953945, "replay_checks_sync_ms": 0.9007947519421577, "output_readback_host_ms": 0.267811119556427}}, {"position": 131251, "rows": 4, "committed": 1, "draft_ms": 0.10771118104457855, "verify_host_ms": 90.15972819179296, "commit_host_ms": 18.350210040807724, "cycle_ms": 244.9927879497409, "outside_phases_ms": 136.37513853609562, "verifier": {"input_ms": 0.6715529598295689, "verify_readback_ms": 77.38293893635273, "binding_validation_ms": 0.5186530761420727, "carry_restore_ms": 11.567413341253996, "carry_restored": true, "singleton_position_uploads": 4, "blocking_trace_host_ms": 76.3017637655139, "replay_checks_sync_ms": 0.8873539045453072, "output_readback_host_ms": 0.1938212662935257}}, {"position": 131252, "rows": 4, "committed": 1, "draft_ms": 0.0972808338701725, "verify_host_ms": 88.83587084710598, "commit_host_ms": 18.15122878178954, "cycle_ms": 237.42181668058038, "outside_phases_ms": 130.33743621781468, "verifier": {"input_ms": 0.5881227552890778, "verify_readback_ms": 77.68068136647344, "binding_validation_ms": 0.5638627335429192, "carry_restore_ms": 9.98198427259922, "carry_restored": true, "singleton_position_uploads": 4, "blocking_trace_host_ms": 76.33213372901082, "replay_checks_sync_ms": 1.1009564623236656, "output_readback_host_ms": 0.24759117513895035}}, {"position": 131253, "rows": 4, "committed": 1, "draft_ms": 0.07042987272143364, "verify_host_ms": 86.08338702470064, "commit_host_ms": 19.499724730849266, "cycle_ms": 235.91744806617498, "outside_phases_ms": 130.26390643790364, "verifier": {"input_ms": 0.4992019385099411, "verify_readback_ms": 77.01741810888052, "binding_validation_ms": 0.4095030017197132, "carry_restore_ms": 8.143044076859951, "carry_restored": true, "singleton_position_uploads": 4, "blocking_trace_host_ms": 76.29371294751763, "replay_checks_sync_ms": 0.591253861784935, "output_readback_host_ms": 0.13245129957795143}}, {"position": 131254, "rows": 4, "committed": 1, "draft_ms": 0.07120007649064064, "verify_host_ms": 87.06547180190682, "commit_host_ms": 15.519894193857908, "cycle_ms": 226.89507016912103, "outside_phases_ms": 124.23850409686565, "verifier": {"input_ms": 0.5296426825225353, "verify_readback_ms": 77.12581800296903, "binding_validation_ms": 0.4028221592307091, "carry_restore_ms": 8.992739021778107, "carry_restored": true, "singleton_position_uploads": 4, "blocking_trace_host_ms": 76.31098292768002, "replay_checks_sync_ms": 0.6682444363832474, "output_readback_host_ms": 0.14659063890576363}}, {"position": 131255, "rows": 4, "committed": 1, "draft_ms": 0.08660042658448219, "verify_host_ms": 91.62049693986773, "commit_host_ms": 19.74319713190198, "cycle_ms": 241.62130011245608, "outside_phases_ms": 130.1710056141019, "verifier": {"input_ms": 0.9815758094191551, "verify_readback_ms": 77.84299226477742, "binding_validation_ms": 0.5897036753594875, "carry_restore_ms": 12.161345221102238, "carry_restored": true, "singleton_position_uploads": 4, "blocking_trace_host_ms": 76.32018439471722, "replay_checks_sync_ms": 1.2279357761144638, "output_readback_host_ms": 0.29487209394574165}}, {"position": 131256, "rows": 4, "committed": 1, "draft_ms": 0.0932496041059494, "verify_host_ms": 87.54084398970008, "commit_host_ms": 18.908302299678326, "cycle_ms": 238.1555000320077, "outside_phases_ms": 131.61310413852334, "verifier": {"input_ms": 0.49173319712281227, "verify_readback_ms": 77.1788377314806, "binding_validation_ms": 0.47297216951847076, "carry_restore_ms": 9.381250943988562, "carry_restored": true, "singleton_position_uploads": 4, "blocking_trace_host_ms": 76.32024399936199, "replay_checks_sync_ms": 0.7118629291653633, "output_readback_host_ms": 0.14673080295324326}}, {"position": 131257, "rows": 4, "committed": 1, "draft_ms": 0.07991120219230652, "verify_host_ms": 88.55602983385324, "commit_host_ms": 24.111070204526186, "cycle_ms": 242.76478588581085, "outside_phases_ms": 130.01777464523911, "verifier": {"input_ms": 0.6662532687187195, "verify_readback_ms": 77.57674111053348, "binding_validation_ms": 0.3698822110891342, "carry_restore_ms": 9.925143793225288, "carry_restored": true, "singleton_position_uploads": 4, "blocking_trace_host_ms": 76.31934294477105, "replay_checks_sync_ms": 1.0257959365844727, "output_readback_host_ms": 0.2316022291779518}}, {"position": 131258, "rows": 4, "committed": 1, "draft_ms": 0.09581120684742928, "verify_host_ms": 93.17101398482919, "commit_host_ms": 19.53599601984024, "cycle_ms": 244.44731511175632, "outside_phases_ms": 131.64449390023947, "verifier": {"input_ms": 0.8127139881253242, "verify_readback_ms": 77.84681208431721, "binding_validation_ms": 0.5622431635856628, "carry_restore_ms": 13.924434781074524, "carry_restored": true, "singleton_position_uploads": 4, "blocking_trace_host_ms": 76.34627399966121, "replay_checks_sync_ms": 1.2251874431967735, "output_readback_host_ms": 0.2753506414592266}}, {"position": 131259, "rows": 4, "committed": 1, "draft_ms": 0.08730078116059303, "verify_host_ms": 88.43600889667869, "commit_host_ms": 19.95205832645297, "cycle_ms": 241.1962770856917, "outside_phases_ms": 132.72090908139944, "verifier": {"input_ms": 0.6755730137228966, "verify_readback_ms": 77.98254303634167, "binding_validation_ms": 0.45147305354475975, "carry_restore_ms": 9.30680986493826, "carry_restored": true, "singleton_position_uploads": 4, "blocking_trace_host_ms": 76.31386397406459, "replay_checks_sync_ms": 1.2065069749951363, "output_readback_host_ms": 0.46217208728194237}}, {"position": 131260, "rows": 4, "committed": 1, "draft_ms": 0.08324021473526955, "verify_host_ms": 87.92051579803228, "commit_host_ms": 18.35322007536888, "cycle_ms": 238.7611446902156, "outside_phases_ms": 132.40416860207915, "verifier": {"input_ms": 0.6160340271890163, "verify_readback_ms": 77.72952085360885, "binding_validation_ms": 0.5542426370084286, "carry_restore_ms": 9.001118130981922, "carry_restored": true, "singleton_position_uploads": 4, "blocking_trace_host_ms": 76.31973410025239, "replay_checks_sync_ms": 1.1504357680678368, "output_readback_host_ms": 0.25935098528862}}, {"position": 131261, "rows": 4, "committed": 1, "draft_ms": 0.11256104335188866, "verify_host_ms": 88.66109000518918, "commit_host_ms": 18.246938940137625, "cycle_ms": 242.71582486107945, "outside_phases_ms": 135.69523487240076, "verifier": {"input_ms": 0.7018940523266792, "verify_readback_ms": 77.43964996188879, "binding_validation_ms": 0.5399826914072037, "carry_restore_ms": 9.958853013813496, "carry_restored": true, "singleton_position_uploads": 4, "blocking_trace_host_ms": 76.27761410549283, "replay_checks_sync_ms": 0.9264550171792507, "output_readback_host_ms": 0.23558083921670914}}, {"position": 131262, "rows": 4, "committed": 1, "draft_ms": 0.08292077109217644, "verify_host_ms": 88.34354858845472, "commit_host_ms": 19.71115730702877, "cycle_ms": 243.91418229788542, "outside_phases_ms": 135.77655563130975, "verifier": {"input_ms": 0.645903404802084, "verify_readback_ms": 77.9807330109179, "binding_validation_ms": 0.4597730003297329, "carry_restore_ms": 9.23872971907258, "carry_restored": true, "singleton_position_uploads": 4, "blocking_trace_host_ms": 76.30525389686227, "replay_checks_sync_ms": 1.465147826820612, "output_readback_host_ms": 0.2103312872350216}}, {"position": 131263, "rows": 4, "committed": 1, "draft_ms": 0.12714089825749397, "verify_host_ms": 88.23371818289161, "commit_host_ms": 26.074081659317017, "cycle_ms": 248.08603478595614, "outside_phases_ms": 133.65109404549003, "verifier": {"input_ms": 0.6078332662582397, "verify_readback_ms": 77.48516974970698, "binding_validation_ms": 0.5299928598105907, "carry_restore_ms": 9.591091889888048, "carry_restored": true, "singleton_position_uploads": 4, "blocking_trace_host_ms": 76.34031400084496, "replay_checks_sync_ms": 0.9186249226331711, "output_readback_host_ms": 0.22623082622885704}}, {"position": 131264, "rows": 4, "committed": 1, "draft_ms": 0.09930087253451347, "verify_host_ms": 91.13069390878081, "commit_host_ms": 16.85210084542632, "cycle_ms": 240.45616295188665, "outside_phases_ms": 132.374067325145, "verifier": {"input_ms": 2.9735062271356583, "verify_readback_ms": 77.11943797767162, "binding_validation_ms": 0.4225419834256172, "carry_restore_ms": 10.598987806588411, "carry_restored": true, "singleton_position_uploads": 4, "blocking_trace_host_ms": 76.30629371851683, "replay_checks_sync_ms": 0.6842534057796001, "output_readback_host_ms": 0.12889085337519646}}, {"position": 131265, "rows": 4, "committed": 1, "draft_ms": 0.09474996477365494, "verify_host_ms": 95.57358780875802, "commit_host_ms": 20.495200995355844, "cycle_ms": 248.60358703881502, "outside_phases_ms": 132.4400482699275, "verifier": {"input_ms": 0.7063243538141251, "verify_readback_ms": 77.52454001456499, "binding_validation_ms": 0.554163008928299, "carry_restore_ms": 16.769150737673044, "carry_restored": true, "singleton_position_uploads": 4, "blocking_trace_host_ms": 76.30320405587554, "replay_checks_sync_ms": 0.9784647263586521, "output_readback_host_ms": 0.2428712323307991}}, {"position": 131266, "rows": 4, "committed": 1, "draft_ms": 0.08457992225885391, "verify_host_ms": 91.15563379600644, "commit_host_ms": 21.84665808454156, "cycle_ms": 245.17094902694225, "outside_phases_ms": 132.0840772241354, "verifier": {"input_ms": 0.988055020570755, "verify_readback_ms": 77.95258285477757, "binding_validation_ms": 0.524523202329874, "carry_restore_ms": 11.671722866594791, "carry_restored": true, "singleton_position_uploads": 4, "blocking_trace_host_ms": 76.30733400583267, "replay_checks_sync_ms": 1.3783769682049751, "output_readback_host_ms": 0.2668718807399273}}, {"position": 131267, "rows": 4, "committed": 1, "draft_ms": 0.07210997864603996, "verify_host_ms": 89.40451499074697, "commit_host_ms": 20.228210370987654, "cycle_ms": 239.41495828330517, "outside_phases_ms": 129.7101229429245, "verifier": {"input_ms": 0.6218031048774719, "verify_readback_ms": 77.51043979078531, "binding_validation_ms": 0.5110921338200569, "carry_restore_ms": 10.732208844274282, "carry_restored": true, "singleton_position_uploads": 4, "blocking_trace_host_ms": 76.3056930154562, "replay_checks_sync_ms": 0.8924547582864761, "output_readback_host_ms": 0.31229201704263687}}, {"position": 131268, "rows": 4, "committed": 1, "draft_ms": 0.08503999561071396, "verify_host_ms": 87.46974403038621, "commit_host_ms": 24.300951976329088, "cycle_ms": 241.33204761892557, "outside_phases_ms": 129.47631161659956, "verifier": {"input_ms": 0.512923114001751, "verify_readback_ms": 77.16252794489264, "binding_validation_ms": 0.4754820838570595, "carry_restore_ms": 9.30478097870946, "carry_restored": true, "singleton_position_uploads": 4, "blocking_trace_host_ms": 76.34399365633726, "replay_checks_sync_ms": 0.6838631816208363, "output_readback_host_ms": 0.13467110693454742}}, {"position": 131269, "rows": 4, "committed": 1, "draft_ms": 0.10126130655407906, "verify_host_ms": 96.94887511432171, "commit_host_ms": 27.372637763619423, "cycle_ms": 258.6076110601425, "outside_phases_ms": 134.1848368756473, "verifier": {"input_ms": 0.6247726269066334, "verify_readback_ms": 79.06399900093675, "binding_validation_ms": 0.47514215111732483, "carry_restore_ms": 16.76562102511525, "carry_restored": true, "singleton_position_uploads": 4, "blocking_trace_host_ms": 76.30998315289617, "replay_checks_sync_ms": 0.9316061623394489, "output_readback_host_ms": 1.8224096857011318}}, {"position": 131270, "rows": 4, "committed": 1, "draft_ms": 0.07864134386181831, "verify_host_ms": 86.90311154350638, "commit_host_ms": 18.494540359824896, "cycle_ms": 241.96869228035212, "outside_phases_ms": 136.49239903315902, "verifier": {"input_ms": 0.4929332062602043, "verify_readback_ms": 77.42000976577401, "binding_validation_ms": 0.38472190499305725, "carry_restore_ms": 8.589006029069424, "carry_restored": true, "singleton_position_uploads": 4, "blocking_trace_host_ms": 76.33224409073591, "replay_checks_sync_ms": 0.8717137388885021, "output_readback_host_ms": 0.21605193614959717}}, {"position": 131271, "rows": 4, "committed": 1, "draft_ms": 0.08937017992138863, "verify_host_ms": 92.00154896825552, "commit_host_ms": 24.75607395172119, "cycle_ms": 245.58791099116206, "outside_phases_ms": 128.74091789126396, "verifier": {"input_ms": 1.3717180117964745, "verify_readback_ms": 78.01719289273024, "binding_validation_ms": 0.5151326768100262, "carry_restore_ms": 12.059485074132681, "carry_restored": true, "singleton_position_uploads": 4, "blocking_trace_host_ms": 76.31286373361945, "replay_checks_sync_ms": 1.4320970512926579, "output_readback_host_ms": 0.2722321078181267}}, {"position": 131272, "rows": 4, "committed": 1, "draft_ms": 0.09829085320234299, "verify_host_ms": 88.10238819569349, "commit_host_ms": 17.570904921740294, "cycle_ms": 240.6470738351345, "outside_phases_ms": 134.87548986449838, "verifier": {"input_ms": 0.5259034223854542, "verify_readback_ms": 77.2753288038075, "binding_validation_ms": 0.5386029370129108, "carry_restore_ms": 9.745342656970024, "carry_restored": true, "singleton_position_uploads": 4, "blocking_trace_host_ms": 76.28946332260966, "replay_checks_sync_ms": 0.8164444006979465, "output_readback_host_ms": 0.16942108049988747}}, {"position": 131273, "rows": 4, "committed": 1, "draft_ms": 0.07730117067694664, "verify_host_ms": 90.13097872957587, "commit_host_ms": 19.742777105420828, "cycle_ms": 244.62316604331136, "outside_phases_ms": 134.6721090376377, "verifier": {"input_ms": 0.6898338906466961, "verify_readback_ms": 77.5628499686718, "binding_validation_ms": 0.42993295937776566, "carry_restore_ms": 11.428961995989084, "carry_restored": true, "singleton_position_uploads": 4, "blocking_trace_host_ms": 76.26564335078001, "replay_checks_sync_ms": 1.0642260313034058, "output_readback_host_ms": 0.23298058658838272}}, {"position": 131274, "rows": 4, "committed": 1, "draft_ms": 0.08362112566828728, "verify_host_ms": 88.26486766338348, "commit_host_ms": 19.604426342993975, "cycle_ms": 239.57874812185764, "outside_phases_ms": 131.6258329898119, "verifier": {"input_ms": 0.6143231876194477, "verify_readback_ms": 77.35550869256258, "binding_validation_ms": 0.4477621987462044, "carry_restore_ms": 9.829713962972164, "carry_restored": true, "singleton_position_uploads": 4, "blocking_trace_host_ms": 76.27357309684157, "replay_checks_sync_ms": 0.8818847127258778, "output_readback_host_ms": 0.20005088299512863}}, {"position": 131275, "rows": 4, "committed": 1, "draft_ms": 0.07528997957706451, "verify_host_ms": 89.3532051704824, "commit_host_ms": 27.556369081139565, "cycle_ms": 257.8680580481887, "outside_phases_ms": 140.88319381698966, "verifier": {"input_ms": 0.7147537544369698, "verify_readback_ms": 77.59131118655205, "binding_validation_ms": 0.4370519891381264, "carry_restore_ms": 10.591077152639627, "carry_restored": true, "singleton_position_uploads": 4, "blocking_trace_host_ms": 76.31467329338193, "replay_checks_sync_ms": 1.0368558578193188, "output_readback_host_ms": 0.23978203535079956}}, {"position": 131276, "rows": 4, "committed": 1, "draft_ms": 0.10768091306090355, "verify_host_ms": 91.88069775700569, "commit_host_ms": 19.349134992808104, "cycle_ms": 243.08003764599562, "outside_phases_ms": 131.74252398312092, "verifier": {"input_ms": 0.5941330455243587, "verify_readback_ms": 79.94006387889385, "binding_validation_ms": 0.5255322903394699, "carry_restore_ms": 10.799118783324957, "carry_restored": true, "singleton_position_uploads": 4, "blocking_trace_host_ms": 76.29006402567029, "replay_checks_sync_ms": 0.9312648326158524, "output_readback_host_ms": 2.71873502060771}}, {"position": 131277, "rows": 4, "committed": 1, "draft_ms": 0.08659111335873604, "verify_host_ms": 91.95234812796116, "commit_host_ms": 17.750675790011883, "cycle_ms": 240.56402314454317, "outside_phases_ms": 130.7744081132114, "verifier": {"input_ms": 0.7408042438328266, "verify_readback_ms": 77.29524886235595, "binding_validation_ms": 0.5023428238928318, "carry_restore_ms": 13.39689176529646, "carry_restored": true, "singleton_position_uploads": 4, "blocking_trace_host_ms": 76.31652383133769, "replay_checks_sync_ms": 0.8050142787396908, "output_readback_host_ms": 0.17371075227856636}}, {"position": 131278, "rows": 4, "committed": 1, "draft_ms": 0.09371107444167137, "verify_host_ms": 92.8870439529419, "commit_host_ms": 19.866647198796272, "cycle_ms": 249.25266113132238, "outside_phases_ms": 136.40525890514255, "verifier": {"input_ms": 2.695155330002308, "verify_readback_ms": 77.11562793701887, "binding_validation_ms": 0.4443833604454994, "carry_restore_ms": 12.6145975664258, "carry_restored": true, "singleton_position_uploads": 4, "blocking_trace_host_ms": 76.28097385168076, "replay_checks_sync_ms": 0.6717829965054989, "output_readback_host_ms": 0.1628710888326168}}, {"position": 131279, "rows": 4, "committed": 1, "draft_ms": 0.07881969213485718, "verify_host_ms": 86.84635115787387, "commit_host_ms": 17.58100464940071, "cycle_ms": 247.37083073705435, "outside_phases_ms": 142.8646552376449, "verifier": {"input_ms": 0.4814532585442066, "verify_readback_ms": 77.24695885553956, "binding_validation_ms": 0.3609517589211464, "carry_restore_ms": 8.743466809391975, "carry_restored": true, "singleton_position_uploads": 4, "blocking_trace_host_ms": 76.29942335188389, "replay_checks_sync_ms": 0.8405447006225586, "output_readback_host_ms": 0.10699080303311348}}, {"position": 131280, "rows": 4, "committed": 1, "draft_ms": 0.08925003930926323, "verify_host_ms": 97.12586598470807, "commit_host_ms": 18.707082141190767, "cycle_ms": 242.7419861778617, "outside_phases_ms": 126.81978801265359, "verifier": {"input_ms": 0.8362750522792339, "verify_readback_ms": 77.64437003061175, "binding_validation_ms": 0.42433198541402817, "carry_restore_ms": 18.204219173640013, "carry_restored": true, "singleton_position_uploads": 4, "blocking_trace_host_ms": 76.26977330073714, "replay_checks_sync_ms": 1.1768755502998829, "output_readback_host_ms": 0.197721179574728}}, {"position": 131281, "rows": 4, "committed": 1, "draft_ms": 0.10850001126527786, "verify_host_ms": 87.3598731122911, "commit_host_ms": 20.997534040361643, "cycle_ms": 229.27269199863076, "outside_phases_ms": 120.80678483471274, "verifier": {"input_ms": 0.5145720206201077, "verify_readback_ms": 77.13961787521839, "binding_validation_ms": 0.4556230269372463, "carry_restore_ms": 9.23556974157691, "carry_restored": true, "singleton_position_uploads": 4, "blocking_trace_host_ms": 76.26356417313218, "replay_checks_sync_ms": 0.7408838719129562, "output_readback_host_ms": 0.135169830173254}}, {"position": 131282, "rows": 4, "committed": 4, "draft_ms": 2.7729948051273823, "verify_host_ms": 88.21057807654142, "commit_host_ms": 22.477651946246624, "cycle_ms": 319.11448994651437, "outside_phases_ms": 205.65326511859894, "verifier": {"input_ms": 0.7082242518663406, "verify_readback_ms": 77.49324012547731, "binding_validation_ms": 0.40750205516815186, "carry_restore_ms": 9.581581689417362, "carry_restored": true, "singleton_position_uploads": 4, "blocking_trace_host_ms": 76.31369400769472, "replay_checks_sync_ms": 0.9620850905776024, "output_readback_host_ms": 0.2174610272049904}}, {"position": 131286, "rows": 4, "committed": 4, "draft_ms": 3.0211959965527058, "verify_host_ms": 78.83994793519378, "commit_host_ms": 20.137909334152937, "cycle_ms": 119.89752016961575, "outside_phases_ms": 17.898466903716326, "verifier": {"input_ms": 0.8097938261926174, "verify_readback_ms": 77.5163909420371, "binding_validation_ms": 0.49002328887581825, "carry_restore_ms": 0.0015399418771266937, "carry_restored": false, "singleton_position_uploads": 4, "blocking_trace_host_ms": 76.34547399356961, "replay_checks_sync_ms": 0.9368453174829483, "output_readback_host_ms": 0.23407163098454475}}, {"position": 131290, "rows": 4, "committed": 4, "draft_ms": 2.8388160280883312, "verify_host_ms": 78.62914586439729, "commit_host_ms": 20.00785805284977, "cycle_ms": 118.74743271619081, "outside_phases_ms": 17.271612770855427, "verifier": {"input_ms": 0.7203943096101284, "verify_readback_ms": 77.37526902928948, "binding_validation_ms": 0.5150828510522842, "carry_restore_ms": 0.0012898817658424377, "carry_restored": false, "singleton_position_uploads": 4, "blocking_trace_host_ms": 76.33668277412653, "replay_checks_sync_ms": 0.8903150446712971, "output_readback_host_ms": 0.14827121049165726}}, {"position": 131294, "rows": 4, "committed": 4, "draft_ms": 5.67146111279726, "verify_host_ms": 78.4769062884152, "commit_host_ms": 22.08608901128173, "cycle_ms": 123.59036039561033, "outside_phases_ms": 17.35590398311615, "verifier": {"input_ms": 0.6285137496888638, "verify_readback_ms": 77.26381905376911, "binding_validation_ms": 0.5677128210663795, "carry_restore_ms": 0.001400243490934372, "carry_restored": false, "singleton_position_uploads": 4, "blocking_trace_host_ms": 76.32862403988838, "replay_checks_sync_ms": 0.8061942644417286, "output_readback_host_ms": 0.12900074943900108}}, {"position": 131298, "rows": 4, "committed": 4, "draft_ms": 2.7055437676608562, "verify_host_ms": 78.71307572349906, "commit_host_ms": 26.759745087474585, "cycle_ms": 125.51157968118787, "outside_phases_ms": 17.333215102553368, "verifier": {"input_ms": 0.5457527004182339, "verify_readback_ms": 77.7126713655889, "binding_validation_ms": 0.43146219104528427, "carry_restore_ms": 0.001369975507259369, "carry_restored": false, "singleton_position_uploads": 4, "blocking_trace_host_ms": 76.35409431532025, "replay_checks_sync_ms": 1.1054459027945995, "output_readback_host_ms": 0.2531311474740505}}, {"position": 131302, "rows": 4, "committed": 4, "draft_ms": 5.164437927305698, "verify_host_ms": 78.87269696220756, "commit_host_ms": 18.798452336341143, "cycle_ms": 123.53224027901888, "outside_phases_ms": 20.696653053164482, "verifier": {"input_ms": 0.7326537743210793, "verify_readback_ms": 77.6813910342753, "binding_validation_ms": 0.43561216443777084, "carry_restore_ms": 0.0013201497495174408, "carry_restored": false, "singleton_position_uploads": 4, "blocking_trace_host_ms": 76.35526405647397, "replay_checks_sync_ms": 1.0799258016049862, "output_readback_host_ms": 0.24620117619633675}}, {"position": 131306, "rows": 4, "committed": 4, "draft_ms": 6.015291903167963, "verify_host_ms": 78.52809457108378, "commit_host_ms": 20.16680035740137, "cycle_ms": 121.8977109529078, "outside_phases_ms": 17.187524121254683, "verifier": {"input_ms": 0.5874042399227619, "verify_readback_ms": 77.46545877307653, "binding_validation_ms": 0.45498181134462357, "carry_restore_ms": 0.001349952071905136, "carry_restored": false, "singleton_position_uploads": 4, "blocking_trace_host_ms": 76.32430410012603, "replay_checks_sync_ms": 0.9078937582671642, "output_readback_host_ms": 0.23326091468334198}}, {"position": 131310, "rows": 4, "committed": 4, "draft_ms": 5.33949863165617, "verify_host_ms": 78.74418701976538, "commit_host_ms": 23.433256894350052, "cycle_ms": 125.00593671575189, "outside_phases_ms": 17.488994169980288, "verifier": {"input_ms": 0.6061531603336334, "verify_readback_ms": 77.65872124582529, "binding_validation_ms": 0.4582526162266731, "carry_restore_ms": 0.0015799887478351593, "carry_restored": false, "singleton_position_uploads": 4, "blocking_trace_host_ms": 76.34734408929944, "replay_checks_sync_ms": 1.0106260888278484, "output_readback_host_ms": 0.30075106769800186}}, {"position": 131314, "rows": 4, "committed": 4, "draft_ms": 3.7893513217568398, "verify_host_ms": 80.25994570925832, "commit_host_ms": 19.544675014913082, "cycle_ms": 126.41879497095942, "outside_phases_ms": 22.824822925031185, "verifier": {"input_ms": 2.080000936985016, "verify_readback_ms": 77.69217202439904, "binding_validation_ms": 0.4660729318857193, "carry_restore_ms": 0.0016200356185436249, "carry_restored": false, "singleton_position_uploads": 4, "blocking_trace_host_ms": 76.31674408912659, "replay_checks_sync_ms": 1.1480259709060192, "output_readback_host_ms": 0.227401964366436}}, {"position": 131318, "rows": 4, "committed": 4, "draft_ms": 7.398370187729597, "verify_host_ms": 79.79842321947217, "commit_host_ms": 24.118029978126287, "cycle_ms": 129.37309127300978, "outside_phases_ms": 18.058267887681723, "verifier": {"input_ms": 1.6618096269667149, "verify_readback_ms": 77.539780177176, "binding_validation_ms": 0.5725431255996227, "carry_restore_ms": 0.0019101426005363464, "carry_restored": false, "singleton_position_uploads": 4, "blocking_trace_host_ms": 76.32698398083448, "replay_checks_sync_ms": 0.9933244436979294, "output_readback_host_ms": 0.2194717526435852}}, {"position": 131322, "rows": 4, "committed": 4, "draft_ms": 8.337025064975023, "verify_host_ms": 79.2598002590239, "commit_host_ms": 20.338669884949923, "cycle_ms": 125.1874789595604, "outside_phases_ms": 17.251983750611544, "verifier": {"input_ms": 0.5905129946768284, "verify_readback_ms": 78.07268295437098, "binding_validation_ms": 0.575624406337738, "carry_restore_ms": 0.0016200356185436249, "carry_restored": false, "singleton_position_uploads": 4, "blocking_trace_host_ms": 76.2933730147779, "replay_checks_sync_ms": 1.5789088793098927, "output_readback_host_ms": 0.20040106028318405}}, {"position": 131326, "rows": 1, "committed": 1, "draft_ms": 0.024660024791955948, "verify_host_ms": 51.923390943557024, "commit_host_ms": 23.817679844796658, "cycle_ms": 92.53994189202785, "outside_phases_ms": 16.774211078882217, "verifier": {"input_ms": 0.5089826881885529, "verify_readback_ms": 51.01432604715228, "binding_validation_ms": 0.3851819783449173, "carry_restore_ms": 0.0014300458133220673, "carry_restored": false, "singleton_position_uploads": 1, "blocking_trace_host_ms": 50.81929499283433, "replay_checks_sync_ms": 0.04580104723572731, "output_readback_host_ms": 0.1492300070822239}}], "cancelled": false, "finished": true, "timing_scope": "Host wall time, existing blocking boundaries; verifier detail is nested", "added_device_fences": false, "performance_qualified": false}
(EngineCore pid=88) INFO 09-24 03:19:17 [core.py:1214] [shutdown] EngineCore: trigger received signal=SIGTERM
(EngineCore pid=88) INFO 09-24 03:19:17 [core.py:1214] [shutdown] EngineCore: trigger received signal=SIGTERM
